-- MariaDB dump 10.19  Distrib 10.5.12-MariaDB, for Linux (x86_64)
--
-- Host: mysql.hostinger.ro    Database: u574849695_20
-- ------------------------------------------------------
-- Server version	10.5.12-MariaDB-cll-lve

/*!40101 SET @OLD_CHARACTER_SET_CLIENT=@@CHARACTER_SET_CLIENT */;
/*!40101 SET @OLD_CHARACTER_SET_RESULTS=@@CHARACTER_SET_RESULTS */;
/*!40101 SET @OLD_COLLATION_CONNECTION=@@COLLATION_CONNECTION */;
/*!40101 SET NAMES utf8mb4 */;
/*!40103 SET @OLD_TIME_ZONE=@@TIME_ZONE */;
/*!40103 SET TIME_ZONE='+00:00' */;
/*!40014 SET @OLD_UNIQUE_CHECKS=@@UNIQUE_CHECKS, UNIQUE_CHECKS=0 */;
/*!40014 SET @OLD_FOREIGN_KEY_CHECKS=@@FOREIGN_KEY_CHECKS, FOREIGN_KEY_CHECKS=0 */;
/*!40101 SET @OLD_SQL_MODE=@@SQL_MODE, SQL_MODE='NO_AUTO_VALUE_ON_ZERO' */;
/*!40111 SET @OLD_SQL_NOTES=@@SQL_NOTES, SQL_NOTES=0 */;

--
-- Table structure for table `audio`
--

DROP TABLE IF EXISTS `audio`;
/*!40101 SET @saved_cs_client     = @@character_set_client */;
/*!40101 SET character_set_client = utf8 */;
CREATE TABLE `audio` (
  `id` bigint(20) unsigned NOT NULL AUTO_INCREMENT,
  `audio_albums_id` bigint(20) unsigned NOT NULL,
  `media_id` bigint(20) unsigned NOT NULL,
  PRIMARY KEY (`id`),
  KEY `audio_albums_id` (`audio_albums_id`),
  KEY `media_id` (`media_id`),
  CONSTRAINT `audio_ibfk_1` FOREIGN KEY (`audio_albums_id`) REFERENCES `audio_albums` (`id`) ON DELETE CASCADE ON UPDATE CASCADE,
  CONSTRAINT `audio_ibfk_2` FOREIGN KEY (`media_id`) REFERENCES `media` (`id`) ON DELETE CASCADE ON UPDATE CASCADE
) ENGINE=InnoDB AUTO_INCREMENT=101 DEFAULT CHARSET=utf8mb4 COLLATE=utf8mb4_unicode_ci;
/*!40101 SET character_set_client = @saved_cs_client */;

--
-- Dumping data for table `audio`
--

LOCK TABLES `audio` WRITE;
/*!40000 ALTER TABLE `audio` DISABLE KEYS */;
INSERT INTO `audio` VALUES (1,1,1),(2,2,9),(3,3,56),(4,4,64),(5,5,65),(6,6,13),(7,7,22),(8,8,100),(9,9,15),(10,10,53),(11,11,3),(12,12,16),(13,13,96),(14,14,33),(15,15,66),(16,16,45),(17,17,26),(18,18,3),(19,19,95),(20,20,18),(21,21,62),(22,22,72),(23,23,43),(24,24,72),(25,25,81),(26,26,80),(27,27,35),(28,28,70),(29,29,93),(30,30,72),(31,31,21),(32,32,93),(33,33,81),(34,34,77),(35,35,56),(36,36,46),(37,37,90),(38,38,78),(39,39,46),(40,40,4),(41,41,30),(42,42,48),(43,43,20),(44,44,25),(45,45,81),(46,46,86),(47,47,70),(48,48,7),(49,49,88),(50,50,64),(51,51,24),(52,52,50),(53,53,36),(54,54,66),(55,55,21),(56,56,16),(57,57,45),(58,58,56),(59,59,85),(60,60,38),(61,61,28),(62,62,6),(63,63,30),(64,64,9),(65,65,82),(66,66,86),(67,67,55),(68,68,71),(69,69,63),(70,70,100),(71,71,75),(72,72,93),(73,73,48),(74,74,95),(75,75,17),(76,76,29),(77,77,80),(78,78,87),(79,79,35),(80,80,68),(81,81,51),(82,82,59),(83,83,17),(84,84,86),(85,85,24),(86,86,38),(87,87,1),(88,88,69),(89,89,94),(90,90,85),(91,91,6),(92,92,21),(93,93,91),(94,94,36),(95,95,30),(96,96,72),(97,97,22),(98,98,84),(99,99,43),(100,100,85);
/*!40000 ALTER TABLE `audio` ENABLE KEYS */;
UNLOCK TABLES;

--
-- Table structure for table `audio_albums`
--

DROP TABLE IF EXISTS `audio_albums`;
/*!40101 SET @saved_cs_client     = @@character_set_client */;
/*!40101 SET character_set_client = utf8 */;
CREATE TABLE `audio_albums` (
  `id` bigint(20) unsigned NOT NULL AUTO_INCREMENT,
  `name` varchar(25) COLLATE utf8mb4_unicode_ci DEFAULT NULL,
  `user_id` bigint(20) unsigned DEFAULT NULL,
  PRIMARY KEY (`id`),
  UNIQUE KEY `id` (`id`),
  KEY `user_id` (`user_id`),
  CONSTRAINT `audio_albums_ibfk_1` FOREIGN KEY (`user_id`) REFERENCES `users` (`id`) ON DELETE SET NULL ON UPDATE CASCADE
) ENGINE=InnoDB AUTO_INCREMENT=101 DEFAULT CHARSET=utf8mb4 COLLATE=utf8mb4_unicode_ci;
/*!40101 SET character_set_client = @saved_cs_client */;

--
-- Dumping data for table `audio_albums`
--

LOCK TABLES `audio_albums` WRITE;
/*!40000 ALTER TABLE `audio_albums` DISABLE KEYS */;
INSERT INTO `audio_albums` VALUES (1,'quos',21),(2,'voluptatibus',95),(3,'ratione',71),(4,'provident',98),(5,'modi',86),(6,'temporibus',55),(7,'natus',23),(8,'itaque',47),(9,'aspernatur',19),(10,'doloremque',48),(11,'rerum',11),(12,'dolores',33),(13,'est',92),(14,'voluptas',1),(15,'molestiae',69),(16,'mollitia',42),(17,'at',73),(18,'quo',45),(19,'rerum',36),(20,'sit',22),(21,'quia',30),(22,'velit',14),(23,'error',34),(24,'nihil',24),(25,'non',28),(26,'maiores',78),(27,'laudantium',59),(28,'vero',28),(29,'quos',89),(30,'delectus',23),(31,'non',45),(32,'ducimus',10),(33,'est',17),(34,'rerum',16),(35,'nam',7),(36,'accusamus',3),(37,'excepturi',70),(38,'ipsam',30),(39,'et',49),(40,'qui',89),(41,'aut',77),(42,'voluptatem',60),(43,'qui',22),(44,'officiis',68),(45,'enim',61),(46,'molestiae',91),(47,'deleniti',10),(48,'ipsa',33),(49,'quasi',35),(50,'atque',46),(51,'ut',55),(52,'velit',64),(53,'corporis',59),(54,'odit',88),(55,'aut',88),(56,'consequatur',87),(57,'nobis',66),(58,'repellendus',47),(59,'qui',14),(60,'placeat',55),(61,'libero',69),(62,'magni',59),(63,'dolorem',64),(64,'quam',86),(65,'sapiente',74),(66,'aut',71),(67,'inventore',89),(68,'temporibus',43),(69,'ullam',100),(70,'totam',38),(71,'similique',31),(72,'voluptatem',76),(73,'quibusdam',97),(74,'facere',52),(75,'corrupti',44),(76,'aspernatur',58),(77,'omnis',43),(78,'nihil',54),(79,'nisi',90),(80,'iusto',77),(81,'hic',99),(82,'facere',45),(83,'error',40),(84,'vero',57),(85,'eos',33),(86,'incidunt',28),(87,'quis',43),(88,'sed',98),(89,'illo',74),(90,'ea',57),(91,'quibusdam',52),(92,'dolorem',43),(93,'voluptate',15),(94,'aperiam',16),(95,'nesciunt',28),(96,'et',88),(97,'possimus',86),(98,'harum',16),(99,'beatae',31),(100,'perferendis',86);
/*!40000 ALTER TABLE `audio_albums` ENABLE KEYS */;
UNLOCK TABLES;

--
-- Table structure for table `communities`
--

DROP TABLE IF EXISTS `communities`;
/*!40101 SET @saved_cs_client     = @@character_set_client */;
/*!40101 SET character_set_client = utf8 */;
CREATE TABLE `communities` (
  `id` bigint(20) unsigned NOT NULL AUTO_INCREMENT,
  `name` varchar(150) COLLATE utf8mb4_unicode_ci DEFAULT NULL,
  `admin_user_id` bigint(20) unsigned DEFAULT NULL,
  PRIMARY KEY (`id`),
  KEY `communities_name_idx` (`name`),
  KEY `admin_user_id` (`admin_user_id`),
  CONSTRAINT `communities_ibfk_1` FOREIGN KEY (`admin_user_id`) REFERENCES `users` (`id`) ON DELETE SET NULL ON UPDATE CASCADE
) ENGINE=InnoDB AUTO_INCREMENT=101 DEFAULT CHARSET=utf8mb4 COLLATE=utf8mb4_unicode_ci;
/*!40101 SET character_set_client = @saved_cs_client */;

--
-- Dumping data for table `communities`
--

LOCK TABLES `communities` WRITE;
/*!40000 ALTER TABLE `communities` DISABLE KEYS */;
INSERT INTO `communities` VALUES (1,'error',35),(2,'dolorum',20),(3,'est',39),(4,'fuga',63),(5,'omnis',50),(6,'in',69),(7,'officiis',27),(8,'velit',92),(9,'neque',85),(10,'quas',78),(11,'qui',25),(12,'ut',58),(13,'accusantium',12),(14,'saepe',1),(15,'veniam',41),(16,'recusandae',100),(17,'eum',33),(18,'in',76),(19,'sequi',19),(20,'sint',14),(21,'eum',2),(22,'est',42),(23,'illo',60),(24,'occaecati',49),(25,'reiciendis',58),(26,'exercitationem',95),(27,'est',95),(28,'consequatur',31),(29,'molestias',17),(30,'at',29),(31,'non',45),(32,'dolorem',51),(33,'et',49),(34,'aut',83),(35,'labore',14),(36,'qui',98),(37,'sit',52),(38,'nulla',40),(39,'quia',90),(40,'odio',37),(41,'voluptas',18),(42,'et',14),(43,'minima',94),(44,'reprehenderit',29),(45,'id',14),(46,'omnis',35),(47,'nam',28),(48,'praesentium',47),(49,'odit',11),(50,'distinctio',46),(51,'qui',60),(52,'quos',12),(53,'veritatis',88),(54,'id',20),(55,'consequatur',60),(56,'ab',45),(57,'minus',14),(58,'qui',54),(59,'saepe',76),(60,'rem',30),(61,'deserunt',83),(62,'voluptates',20),(63,'exercitationem',81),(64,'quis',31),(65,'qui',2),(66,'repellendus',95),(67,'incidunt',29),(68,'aut',54),(69,'corrupti',35),(70,'quibusdam',18),(71,'expedita',90),(72,'aut',52),(73,'earum',32),(74,'in',84),(75,'error',80),(76,'consequatur',45),(77,'eveniet',18),(78,'est',7),(79,'tenetur',92),(80,'eum',28),(81,'a',53),(82,'a',52),(83,'quia',39),(84,'facilis',40),(85,'laborum',71),(86,'est',99),(87,'est',85),(88,'eum',84),(89,'quo',52),(90,'cum',60),(91,'omnis',14),(92,'impedit',35),(93,'omnis',79),(94,'dolores',95),(95,'perferendis',65),(96,'ex',81),(97,'maiores',89),(98,'sunt',94),(99,'fugiat',34),(100,'fugiat',24);
/*!40000 ALTER TABLE `communities` ENABLE KEYS */;
UNLOCK TABLES;

--
-- Table structure for table `friend_requests`
--

DROP TABLE IF EXISTS `friend_requests`;
/*!40101 SET @saved_cs_client     = @@character_set_client */;
/*!40101 SET character_set_client = utf8 */;
CREATE TABLE `friend_requests` (
  `initiator_user_id` bigint(20) unsigned NOT NULL,
  `target_user_id` bigint(20) unsigned NOT NULL,
  `status` enum('requested','approved','declined','unfriended') COLLATE utf8mb4_unicode_ci DEFAULT NULL,
  `requested_at` datetime DEFAULT current_timestamp(),
  `updated_at` datetime DEFAULT NULL ON UPDATE current_timestamp(),
  PRIMARY KEY (`initiator_user_id`,`target_user_id`),
  KEY `target_user_id` (`target_user_id`),
  CONSTRAINT `friend_requests_ibfk_1` FOREIGN KEY (`initiator_user_id`) REFERENCES `users` (`id`) ON DELETE CASCADE ON UPDATE CASCADE,
  CONSTRAINT `friend_requests_ibfk_2` FOREIGN KEY (`target_user_id`) REFERENCES `users` (`id`) ON DELETE CASCADE ON UPDATE CASCADE
) ENGINE=InnoDB DEFAULT CHARSET=utf8mb4 COLLATE=utf8mb4_unicode_ci;
/*!40101 SET character_set_client = @saved_cs_client */;

--
-- Dumping data for table `friend_requests`
--

LOCK TABLES `friend_requests` WRITE;
/*!40000 ALTER TABLE `friend_requests` DISABLE KEYS */;
INSERT INTO `friend_requests` VALUES (1,94,'declined','1973-05-06 17:32:09','1985-04-02 00:02:16'),(3,85,'approved','2009-09-18 23:00:49','2003-10-26 03:04:18'),(4,9,'approved','1993-01-07 23:47:03','1984-06-28 13:37:45'),(4,95,'declined','2009-07-21 02:25:02','2008-01-22 13:31:30'),(5,40,'approved','2003-10-25 11:38:40','2005-01-18 23:04:31'),(6,5,'unfriended','1996-04-23 03:43:24','2011-04-13 00:17:42'),(6,84,'unfriended','2022-09-17 03:07:25','2013-07-03 12:14:18'),(8,18,'unfriended','1981-10-30 11:13:07','1974-04-11 02:47:49'),(8,19,'unfriended','1982-12-17 11:29:32','2011-01-26 13:03:34'),(8,37,'approved','1979-10-28 17:24:20','2022-01-07 00:49:50'),(10,10,'approved','1988-11-08 15:34:09','2012-04-05 00:16:39'),(11,20,'requested','2008-06-09 08:57:28','1998-12-30 02:41:03'),(11,61,'approved','1996-07-29 07:18:02','1996-12-31 08:00:45'),(12,67,'unfriended','2017-09-04 15:01:36','1986-02-12 04:25:26'),(12,91,'approved','1978-12-17 20:41:49','1972-07-12 23:07:55'),(13,61,'unfriended','2013-12-10 10:30:25','1974-03-21 01:08:32'),(14,31,'unfriended','1981-06-21 14:56:34','1979-12-15 14:07:56'),(15,66,'unfriended','1983-10-03 13:11:15','2013-09-29 19:27:48'),(16,17,'unfriended','2015-08-27 03:10:18','1976-11-05 09:52:37'),(16,93,'requested','2022-05-01 13:50:33','2005-11-30 09:10:59'),(22,44,'requested','1973-08-01 07:00:09','1986-07-26 04:00:55'),(22,58,'declined','2013-12-12 07:23:08','2007-11-16 07:23:06'),(22,69,'declined','2003-01-09 21:35:00','1981-09-24 19:25:57'),(31,14,'unfriended','1982-05-04 06:08:57','1995-07-11 16:46:55'),(31,49,'approved','1994-11-24 16:30:49','2010-05-14 23:58:44'),(31,78,'unfriended','1971-01-13 02:30:17','1995-06-13 14:05:35'),(32,6,'approved','1992-12-19 23:28:25','1986-04-22 11:19:19'),(32,55,'approved','1983-07-30 11:33:34','1975-02-14 21:26:54'),(34,40,'approved','1970-06-24 00:18:43','2020-12-23 14:42:46'),(35,3,'unfriended','1988-10-11 12:25:05','1973-11-25 01:14:15'),(35,9,'unfriended','2001-07-14 05:01:31','2009-08-27 04:40:15'),(36,1,'approved','2021-12-16 18:39:28','1994-09-28 20:21:45'),(37,54,'unfriended','1974-08-14 21:09:26','2005-11-07 18:04:17'),(37,87,'declined','1989-03-18 19:55:30','1978-07-01 00:00:33'),(38,62,'unfriended','1997-09-11 23:42:25','1982-06-01 15:50:03'),(39,6,'approved','2015-01-30 04:32:51','1987-07-20 01:28:53'),(39,89,'requested','1998-01-31 10:26:53','2022-07-03 21:04:14'),(41,85,'declined','1980-06-05 15:43:34','1975-05-26 18:01:05'),(42,79,'requested','1990-02-09 15:28:35','1984-09-09 03:14:13'),(44,14,'requested','1981-04-27 04:01:15','2022-04-17 07:06:24'),(45,43,'requested','2009-09-15 03:49:07','1985-01-05 00:47:59'),(45,55,'requested','1998-08-02 17:02:26','1970-10-04 09:59:50'),(47,64,'approved','1999-01-04 21:42:30','1980-12-17 13:39:36'),(48,35,'unfriended','2017-08-03 11:04:51','1986-12-29 08:51:16'),(48,83,'unfriended','2009-05-21 11:27:09','1985-02-12 02:59:14'),(49,11,'unfriended','1998-11-20 06:56:59','1988-01-13 09:03:55'),(49,13,'declined','1996-03-24 17:41:59','2016-08-21 00:40:37'),(49,25,'unfriended','1985-07-28 13:35:17','2018-11-27 19:31:41'),(49,80,'declined','1986-09-14 12:35:18','2011-06-22 08:00:11'),(49,83,'approved','2001-05-17 18:41:18','2020-05-20 19:03:29'),(50,29,'requested','1979-09-13 02:20:29','1979-12-23 09:24:37'),(51,17,'approved','2000-01-28 06:58:25','2003-10-28 13:09:41'),(51,19,'declined','2000-05-18 01:44:13','2021-12-09 15:35:14'),(51,51,'declined','1982-06-08 04:30:00','1988-05-01 15:36:34'),(53,100,'declined','2017-11-18 01:04:53','1987-07-15 00:32:53'),(56,68,'declined','1988-12-14 08:05:48','2011-02-12 16:38:18'),(57,54,'declined','2006-08-15 10:49:51','2015-10-07 11:10:21'),(57,63,'requested','1978-03-11 21:43:48','1977-08-08 04:13:55'),(58,27,'requested','2019-11-20 13:10:52','2018-11-21 20:39:34'),(59,9,'requested','1984-04-17 19:12:03','1987-12-14 17:34:17'),(59,67,'approved','1981-01-09 16:24:53','1999-01-15 16:59:41'),(59,86,'declined','1993-11-10 06:03:00','2010-12-08 09:36:10'),(60,85,'approved','1980-08-06 10:13:32','1983-05-22 14:50:06'),(61,4,'requested','1973-09-15 03:39:59','1989-08-15 20:47:58'),(61,40,'approved','1975-09-29 06:37:39','2019-07-13 13:05:26'),(61,80,'declined','1986-08-06 21:06:05','1979-07-03 14:01:26'),(63,12,'requested','2003-02-04 22:01:31','1996-07-13 22:30:08'),(63,53,'approved','1990-12-19 17:49:57','1991-07-22 13:12:07'),(63,84,'requested','1973-10-11 15:16:15','1972-02-24 10:30:29'),(64,98,'unfriended','1985-05-26 15:53:35','2020-11-11 12:50:43'),(66,71,'unfriended','1993-08-07 13:44:23','1989-12-19 14:03:05'),(67,57,'unfriended','1986-03-04 01:08:34','1979-02-22 04:27:41'),(67,58,'unfriended','2014-05-03 01:56:32','1984-05-27 14:10:21'),(69,87,'unfriended','1973-01-15 15:23:11','1991-08-26 13:32:59'),(71,71,'approved','1970-06-26 01:21:30','2017-03-02 23:29:37'),(73,13,'approved','1982-12-19 14:58:25','2011-09-03 22:02:28'),(74,11,'declined','2010-08-28 16:20:34','2007-07-27 06:50:50'),(74,52,'unfriended','2002-11-05 18:08:02','2016-05-18 11:14:50'),(75,19,'unfriended','1986-04-23 18:36:16','2009-11-13 11:18:15'),(75,35,'unfriended','1978-10-22 04:02:31','2006-05-20 13:40:14'),(77,88,'requested','1990-01-18 18:18:57','1988-12-03 04:50:06'),(78,22,'declined','2017-08-01 13:23:45','1999-07-01 20:58:25'),(79,55,'declined','2005-08-12 01:49:09','2005-11-17 09:41:40'),(83,17,'unfriended','1975-03-10 15:36:42','2004-12-18 12:18:20'),(84,57,'unfriended','2001-05-21 06:05:27','1985-11-08 11:12:44'),(86,19,'approved','1985-11-21 01:20:53','1996-01-15 23:27:54'),(87,23,'requested','1976-10-20 18:11:57','1994-02-22 12:54:58'),(88,8,'requested','1985-07-12 18:11:00','2009-12-23 00:58:03'),(88,75,'declined','2017-06-04 21:24:23','2002-10-05 09:47:50'),(88,80,'unfriended','2016-12-01 19:57:29','2006-09-08 01:34:55'),(90,26,'requested','1979-04-24 09:26:51','1975-02-03 09:59:21'),(91,3,'unfriended','2003-04-03 05:36:23','2022-02-24 09:07:07'),(92,25,'approved','1992-04-13 13:03:33','1982-12-18 12:30:19'),(93,99,'requested','2004-09-08 01:50:55','2010-08-30 19:49:56'),(94,10,'declined','1982-01-30 00:03:22','2022-08-16 11:39:48'),(94,74,'approved','2021-03-26 07:07:41','1992-08-17 00:34:31'),(95,77,'declined','2007-08-22 03:01:03','2005-10-09 08:51:56'),(97,99,'declined','2005-06-28 05:21:52','1978-12-27 20:40:27'),(98,94,'unfriended','2006-08-17 14:01:19','1975-02-26 02:19:28'),(99,56,'unfriended','1976-07-02 11:57:24','2010-09-21 20:40:00');
/*!40000 ALTER TABLE `friend_requests` ENABLE KEYS */;
UNLOCK TABLES;

--
-- Table structure for table `likes`
--

DROP TABLE IF EXISTS `likes`;
/*!40101 SET @saved_cs_client     = @@character_set_client */;
/*!40101 SET character_set_client = utf8 */;
CREATE TABLE `likes` (
  `id` bigint(20) unsigned NOT NULL AUTO_INCREMENT,
  `user_id` bigint(20) unsigned NOT NULL,
  `media_id` bigint(20) unsigned NOT NULL,
  `created_at` datetime DEFAULT current_timestamp(),
  PRIMARY KEY (`id`),
  KEY `user_id` (`user_id`),
  KEY `media_id` (`media_id`),
  CONSTRAINT `likes_ibfk_1` FOREIGN KEY (`user_id`) REFERENCES `users` (`id`) ON DELETE CASCADE ON UPDATE CASCADE,
  CONSTRAINT `likes_ibfk_2` FOREIGN KEY (`media_id`) REFERENCES `media` (`id`) ON DELETE CASCADE ON UPDATE CASCADE
) ENGINE=InnoDB AUTO_INCREMENT=101 DEFAULT CHARSET=utf8mb4 COLLATE=utf8mb4_unicode_ci;
/*!40101 SET character_set_client = @saved_cs_client */;

--
-- Dumping data for table `likes`
--

LOCK TABLES `likes` WRITE;
/*!40000 ALTER TABLE `likes` DISABLE KEYS */;
INSERT INTO `likes` VALUES (1,74,10,'2022-05-08 21:06:33'),(2,15,72,'1974-05-09 03:05:53'),(3,27,4,'1976-07-11 22:26:54'),(4,19,96,'2010-04-02 12:56:23'),(5,36,65,'1976-02-16 01:30:54'),(6,83,35,'2016-06-12 04:47:45'),(7,21,10,'1991-04-30 03:54:05'),(8,77,11,'2006-08-18 05:49:06'),(9,51,43,'1987-06-25 06:11:26'),(10,37,9,'2021-03-24 23:36:03'),(11,34,60,'1986-07-02 11:01:26'),(12,31,69,'1981-08-04 16:20:29'),(13,96,67,'1993-02-03 20:58:40'),(14,19,76,'1971-07-21 18:11:19'),(15,45,45,'1988-01-10 21:24:30'),(16,33,19,'2013-07-21 19:36:17'),(17,55,48,'1979-09-12 05:51:19'),(18,91,81,'1993-05-07 10:08:09'),(19,51,10,'1985-02-12 08:33:31'),(20,77,86,'1985-09-07 07:15:55'),(21,74,59,'1979-06-18 22:27:41'),(22,21,95,'1981-04-04 15:45:26'),(23,69,97,'2001-06-06 16:42:17'),(24,6,19,'2015-12-07 15:12:06'),(25,39,42,'2013-11-19 04:43:25'),(26,28,73,'2006-08-26 12:21:46'),(27,2,58,'2011-03-23 16:44:55'),(28,42,97,'1970-06-29 08:30:00'),(29,25,60,'2020-07-28 11:51:30'),(30,73,70,'1983-09-12 14:19:25'),(31,4,5,'2017-02-11 00:04:31'),(32,88,59,'1994-05-12 10:49:52'),(33,52,78,'2020-07-22 21:26:11'),(34,40,3,'2014-01-07 14:50:06'),(35,87,16,'2019-05-01 10:16:52'),(36,88,61,'2010-03-22 07:28:20'),(37,74,9,'1981-12-02 06:47:13'),(38,56,43,'1987-07-08 15:36:14'),(39,5,62,'1981-08-25 02:40:19'),(40,61,44,'1984-01-22 22:58:54'),(41,4,88,'1996-08-16 00:11:01'),(42,17,6,'2005-12-29 22:24:47'),(43,46,58,'1971-08-20 19:29:17'),(44,2,70,'1989-05-08 07:41:50'),(45,17,75,'2012-03-28 10:03:14'),(46,40,21,'2015-09-15 14:53:03'),(47,79,27,'1983-09-06 05:43:37'),(48,79,31,'1986-12-10 01:58:06'),(49,5,19,'2005-10-28 00:04:27'),(50,33,92,'1980-03-27 02:24:49'),(51,34,21,'2004-11-05 17:59:38'),(52,53,8,'1977-05-29 17:08:01'),(53,29,9,'1981-11-22 08:48:41'),(54,50,34,'1991-10-05 21:23:09'),(55,70,10,'2020-11-03 10:17:58'),(56,78,73,'1997-08-13 18:42:21'),(57,98,94,'1976-08-31 08:54:19'),(58,78,43,'1987-01-28 00:49:08'),(59,51,80,'2021-06-24 14:23:32'),(60,13,68,'1979-06-04 06:34:37'),(61,54,52,'2001-07-23 20:12:22'),(62,88,33,'1980-12-13 12:16:37'),(63,79,67,'2000-07-08 20:42:14'),(64,63,84,'1981-05-01 12:57:29'),(65,85,96,'2018-03-24 12:48:19'),(66,75,18,'1999-07-11 09:57:36'),(67,16,28,'1998-03-17 02:58:00'),(68,25,44,'2013-11-13 16:49:18'),(69,36,75,'1972-06-20 17:44:45'),(70,78,5,'2020-11-26 09:38:32'),(71,84,55,'1971-11-29 13:33:23'),(72,77,82,'1988-05-25 06:07:20'),(73,49,55,'1986-04-22 15:15:33'),(74,24,99,'1991-10-13 09:45:36'),(75,34,37,'1998-05-15 03:06:10'),(76,66,88,'1992-08-18 15:45:49'),(77,88,54,'2012-07-10 16:23:59'),(78,20,67,'1971-02-20 05:51:54'),(79,20,83,'2007-01-29 00:22:36'),(80,50,4,'1978-12-15 12:21:52'),(81,78,24,'2016-12-31 11:48:20'),(82,22,93,'2017-06-10 09:25:00'),(83,51,47,'1987-12-15 11:06:05'),(84,37,87,'2018-04-02 02:58:54'),(85,21,15,'2012-06-30 19:41:11'),(86,91,5,'1999-07-28 05:34:40'),(87,69,68,'2010-02-24 07:08:41'),(88,86,17,'2002-03-22 23:28:27'),(89,22,10,'1971-03-17 15:18:37'),(90,16,56,'1973-10-29 20:13:29'),(91,46,82,'1991-08-27 20:20:07'),(92,44,34,'1985-10-19 14:18:02'),(93,35,63,'2009-10-10 13:55:11'),(94,100,55,'1974-03-18 14:46:44'),(95,45,49,'2012-08-09 14:49:34'),(96,59,23,'2013-09-09 08:32:16'),(97,73,80,'2018-09-18 20:30:42'),(98,15,24,'1991-01-28 01:13:41'),(99,26,52,'2015-01-30 04:50:10'),(100,10,46,'2012-05-29 08:38:29');
/*!40000 ALTER TABLE `likes` ENABLE KEYS */;
UNLOCK TABLES;

--
-- Table structure for table `media`
--

DROP TABLE IF EXISTS `media`;
/*!40101 SET @saved_cs_client     = @@character_set_client */;
/*!40101 SET character_set_client = utf8 */;
CREATE TABLE `media` (
  `id` bigint(20) unsigned NOT NULL AUTO_INCREMENT,
  `media_type_id` bigint(20) unsigned DEFAULT NULL,
  `user_id` bigint(20) unsigned NOT NULL,
  `body` text COLLATE utf8mb4_unicode_ci DEFAULT NULL,
  `filename` varchar(255) COLLATE utf8mb4_unicode_ci DEFAULT NULL,
  `size` int(11) DEFAULT NULL,
  `metadata` longtext CHARACTER SET utf8mb4 COLLATE utf8mb4_bin DEFAULT NULL CHECK (json_valid(`metadata`)),
  `created_at` datetime DEFAULT current_timestamp(),
  `updated_at` datetime DEFAULT current_timestamp() ON UPDATE current_timestamp(),
  PRIMARY KEY (`id`),
  KEY `user_id` (`user_id`),
  KEY `media_type_id` (`media_type_id`),
  CONSTRAINT `media_ibfk_1` FOREIGN KEY (`user_id`) REFERENCES `users` (`id`) ON DELETE CASCADE ON UPDATE CASCADE,
  CONSTRAINT `media_ibfk_2` FOREIGN KEY (`media_type_id`) REFERENCES `media_types` (`id`) ON DELETE SET NULL ON UPDATE CASCADE
) ENGINE=InnoDB AUTO_INCREMENT=101 DEFAULT CHARSET=utf8mb4 COLLATE=utf8mb4_unicode_ci;
/*!40101 SET character_set_client = @saved_cs_client */;

--
-- Dumping data for table `media`
--

LOCK TABLES `media` WRITE;
/*!40000 ALTER TABLE `media` DISABLE KEYS */;
INSERT INTO `media` VALUES (1,1,10,'Et sed sequi et aut. Voluptatem laboriosam eligendi inventore. Aut iste placeat accusantium nihil. Sunt rem ut ullam.','nulla',15825,NULL,'2022-01-09 16:58:42','2022-07-31 06:25:35'),(2,2,2,'Laudantium dolor et enim aspernatur voluptates. Et rerum consequatur tempora ipsa. Sapiente dolor iusto reprehenderit suscipit praesentium in eos.','doloribus',221017016,NULL,'2011-05-03 23:48:57','1990-04-12 09:18:32'),(3,3,23,'Nam consequatur enim repellat ut architecto animi soluta nisi. Quia dicta soluta qui molestiae odio harum. Aspernatur commodi optio quod alias odio quo. Quo ut debitis quo cumque quia.','distinctio',9738,NULL,'1975-12-09 18:26:51','1990-07-17 00:21:44'),(4,4,77,'Possimus sunt corporis perspiciatis qui sit officiis. Omnis ea velit aut repudiandae hic ad voluptas. Nihil quod dolor voluptas quia nihil ipsam.','vel',0,NULL,'2003-08-15 17:57:26','1992-07-06 09:07:46'),(5,1,49,'Nam corrupti sit ea eligendi saepe qui. A enim eius ut ullam. Iure rerum eos eum.','enim',673,NULL,'1990-05-30 13:08:38','2011-05-05 02:39:52'),(6,2,79,'Voluptatibus possimus eos aliquid vitae nostrum iste ut. Minus voluptate est voluptatem occaecati dolor et. Rerum laboriosam doloremque et aut ratione. Enim impedit dignissimos et voluptatem maiores.','sit',0,NULL,'2014-03-19 00:05:26','1998-04-10 13:43:32'),(7,3,29,'Impedit natus facere non dolorum voluptate quaerat molestiae et. Laudantium id accusantium ut sed cupiditate amet. Tempora autem porro officia rerum. Placeat aut natus ducimus sint.','voluptatem',73,NULL,'1981-04-19 13:05:36','2012-04-14 16:01:33'),(8,4,6,'Qui distinctio minus sit voluptatem hic totam dignissimos. Et quidem beatae aperiam ut harum.','dolor',63807,NULL,'1992-01-25 04:56:16','2013-03-12 12:19:46'),(9,1,29,'Sed ex aut qui nihil. Est rerum quis quia et. Error ex libero dolorum doloremque.','quia',6041806,NULL,'1989-04-12 06:55:32','1994-07-18 20:10:27'),(10,2,87,'Debitis est deleniti vel modi. Qui sint omnis ea voluptas optio eaque. Ratione reiciendis quo perferendis et commodi magnam tempore quia. Quod ut in debitis minus asperiores deleniti.','harum',9,NULL,'2011-07-05 01:55:47','1998-10-24 14:38:42'),(11,3,69,'Placeat sunt tempore aliquid voluptas. Nesciunt architecto dignissimos culpa autem ea. Minima tempore tenetur autem qui provident delectus. Corrupti eum occaecati aut iusto.','ipsum',8,NULL,'1995-07-28 05:24:36','2020-04-07 22:09:24'),(12,4,98,'Nobis minus rerum autem error accusantium blanditiis deserunt. Dolores voluptas veniam ipsam quae. Quidem facere consequatur adipisci. Adipisci non molestiae voluptas minus dolorum distinctio sit.','similique',87257564,NULL,'1987-03-10 04:48:11','1984-10-05 23:21:34'),(13,1,27,'Ea velit sit excepturi ipsa veniam doloribus maxime. Ea perferendis odit voluptatem eaque reprehenderit odio. Esse tempora et amet quibusdam ut et.','rerum',55380690,NULL,'2001-01-29 01:32:21','2013-01-11 06:58:38'),(14,2,9,'Dolore et corrupti et nesciunt sapiente possimus. Dolores et ut quis cumque nemo excepturi enim. Occaecati facilis placeat amet molestias sequi molestiae qui. Fugiat dolore atque qui id.','et',939,NULL,'1987-01-29 10:33:27','1971-04-12 19:40:25'),(15,3,97,'Illum voluptas officiis omnis beatae voluptas. Ducimus consequatur cum delectus. Culpa dolor id et quia animi alias ab. Dolorem aut non qui quod.','esse',0,NULL,'1971-06-03 00:49:31','1995-11-06 14:52:39'),(16,4,71,'Quis harum veritatis excepturi ut. Saepe molestias beatae quod est accusamus magni sequi ea. Sit voluptatum dolorem iusto nihil architecto hic.','quasi',5612,NULL,'1977-09-12 14:41:11','1989-10-10 02:21:24'),(17,1,36,'Corporis sit omnis saepe dolores explicabo. Vel omnis sed et excepturi vel mollitia fugiat. Consequatur itaque voluptates exercitationem est amet.','sed',8137590,NULL,'1991-10-21 20:24:35','2008-04-03 07:19:33'),(18,2,78,'Animi vitae illum autem eos et porro. Laboriosam provident saepe corporis eaque maxime qui in eos. Dolores nam quidem quasi est laudantium omnis.','iure',54,NULL,'2010-10-13 10:27:23','2016-10-21 23:44:30'),(19,3,88,'Qui numquam sapiente pariatur error expedita. Doloribus iusto aut ipsam voluptas aspernatur repellendus quidem eos. Rem odit blanditiis consequatur et.','maxime',925051,NULL,'2011-10-25 22:56:25','2021-04-07 21:15:06'),(20,4,92,'Ex sint esse atque laudantium odit qui illum suscipit. Cumque reprehenderit explicabo et maiores eius. Eaque illum quaerat aut et qui distinctio et. Deleniti debitis optio consequatur necessitatibus et esse.','consectetur',943941,NULL,'2017-11-13 13:02:52','1988-03-24 21:58:35'),(21,1,89,'Minus sint ad illum qui. Corporis est molestiae eos blanditiis id doloremque est quis. Sed inventore enim ut nulla molestiae placeat quia. Rerum mollitia quia recusandae voluptas quisquam est. Dolores reiciendis non eius dolor dolor.','reprehenderit',546480,NULL,'2007-09-26 19:22:13','2003-07-15 06:10:56'),(22,2,86,'Quasi aliquam eveniet voluptas nam facilis atque aut. Commodi voluptatem est deserunt quasi debitis. Nisi fugiat suscipit et in. Recusandae dolorem esse adipisci doloribus molestiae autem.','asperiores',875900611,NULL,'1994-07-14 13:42:18','2005-07-25 09:47:18'),(23,3,52,'Tempora suscipit quia laudantium et cupiditate cumque expedita. Maiores corrupti occaecati sint est. Est aliquam in eum eum eos ipsa. Debitis sunt aut illum minus quidem rerum sed quia. Hic voluptates doloremque nihil dolores qui.','error',66923,NULL,'1975-07-29 19:50:13','2010-05-12 13:58:59'),(24,4,42,'Autem officia dolores velit porro deserunt et illum. Qui nisi quo voluptas atque iusto.','voluptatibus',61899,NULL,'1974-01-14 08:39:59','1979-12-23 02:44:08'),(25,1,5,'Aperiam dignissimos id odio voluptatem itaque soluta deserunt. Laboriosam iste quia quis. Repellendus modi nihil exercitationem maiores atque. Ut error natus tempora qui doloremque.','omnis',5997787,NULL,'2015-03-11 02:31:19','1984-05-19 21:29:20'),(26,2,16,'Occaecati voluptatem optio ad doloremque odit. Consectetur nemo aut quae et.','veritatis',4793,NULL,'2003-12-29 08:40:23','1988-06-23 15:34:42'),(27,3,30,'Facere dicta delectus pariatur consequatur. Aperiam a voluptatem quam et rerum qui natus. Error natus iure ut. Sunt omnis et ratione aut.','consequuntur',0,NULL,'1970-06-18 00:49:17','2019-10-30 04:05:51'),(28,4,84,'Ipsa temporibus sequi accusamus aut vero perferendis. Eaque et quia sunt et. Dolorem laudantium ut ipsum aspernatur. Voluptatem perspiciatis maxime exercitationem tenetur et quis eligendi deleniti. Cumque sit quae quia placeat consectetur recusandae maxime et.','et',27,NULL,'1994-01-24 00:03:26','2001-12-28 00:08:02'),(29,1,34,'Et ea quasi error. Dicta dignissimos vel accusamus quos rerum quis quaerat. Tempora eius non ipsam eaque veritatis. Necessitatibus rerum nihil quod quae a magnam maxime tempora.','vel',2,NULL,'1982-11-10 21:49:47','2010-12-12 00:55:33'),(30,2,97,'At ut inventore blanditiis. Temporibus corporis quasi soluta eum sequi dolorem impedit. Velit corrupti repudiandae et similique delectus a. Soluta est possimus eveniet nulla delectus architecto. Dolorem magni incidunt exercitationem soluta excepturi sint quod ratione.','sed',8,NULL,'1973-10-08 21:44:51','2001-09-24 13:26:08'),(31,3,77,'Sapiente sunt eligendi libero tenetur. Et nam ducimus sit sed consequuntur. Earum molestiae aperiam quia accusantium dolor velit.','perferendis',96082164,NULL,'1979-01-11 10:26:57','1975-09-12 16:51:55'),(32,4,43,'Culpa doloremque sapiente ut recusandae dolor itaque voluptas magni. Placeat ut ratione est laborum impedit sit quo unde. Veritatis quo commodi id et. Molestiae non perspiciatis consequatur ducimus.','laudantium',68815,NULL,'1997-05-13 11:55:58','1980-09-29 14:09:01'),(33,1,98,'Cupiditate incidunt eveniet aut laudantium aut. Occaecati fuga dolorem rerum est eum. Assumenda et ullam repellat est. Veniam dolores rerum ipsa officia consequatur sit qui.','quas',8551,NULL,'1996-11-14 17:56:43','1998-12-24 02:52:37'),(34,2,99,'Vel perferendis est ipsum sunt. Ipsa sit ut voluptatem nisi et placeat. Porro itaque molestiae eaque voluptatum. Deserunt qui officiis impedit optio rerum quam necessitatibus est.','incidunt',0,NULL,'1972-12-11 00:56:21','2008-04-28 20:41:06'),(35,3,20,'Hic rerum voluptates ut. Ut quia veniam voluptatem eum corrupti maxime. Maiores ut in illo voluptatibus ipsum saepe. Fuga consequatur porro quos eum est quo aperiam tenetur. Tempora consequuntur pariatur sed debitis.','enim',99922,NULL,'1986-04-04 05:21:53','2009-10-10 02:03:32'),(36,4,47,'Laudantium repudiandae maiores sunt porro. Soluta a perferendis odio quisquam voluptates ut saepe in.','ipsum',445,NULL,'2019-05-18 08:06:41','1978-02-11 11:39:22'),(37,1,78,'Aut at atque et ipsum dolor assumenda hic quidem. Eaque natus magni officia distinctio voluptatem qui perferendis qui. Dignissimos illum mollitia deleniti. Id id enim non vel esse.','fuga',47,NULL,'1992-06-04 15:00:33','1996-08-09 00:14:11'),(38,2,48,'Tempora iure est porro cupiditate soluta reiciendis. Ea dolor est inventore distinctio perspiciatis. Ut laborum recusandae distinctio doloremque ut velit quia.','voluptas',80360572,NULL,'1993-07-27 06:22:23','1996-11-19 12:32:44'),(39,3,52,'Architecto ut consequatur aperiam et magnam autem delectus. Ut ex est vel blanditiis aliquam vel. Officiis vero quos id quis minus ea ut.','voluptas',47814680,NULL,'2021-11-09 11:16:07','2015-04-20 15:25:02'),(40,4,6,'Iste dignissimos tempora a nostrum. Dolores quas deleniti consequuntur tempore labore amet dolores. Enim quam reiciendis molestias qui maxime.','eius',748013459,NULL,'1990-07-30 14:17:41','1987-10-06 07:34:30'),(41,1,34,'Optio quis voluptatem eum qui. Quisquam explicabo perferendis nesciunt doloribus consectetur. Omnis in mollitia enim dolores doloremque. Voluptas rem sit cumque soluta quis officia.','odit',0,NULL,'1993-05-06 05:45:55','2001-02-12 12:42:21'),(42,2,20,'Enim soluta est quos et. Hic enim nihil dolor qui quia repellendus reprehenderit. Debitis velit magnam sapiente nihil quaerat.','ipsa',0,NULL,'2017-09-27 14:46:05','2014-11-17 04:10:03'),(43,3,4,'Occaecati ut cupiditate ad quis molestiae nulla hic. Aut rerum voluptatem dolores ullam est. Est repudiandae qui nesciunt perferendis assumenda omnis doloremque mollitia.','dolorem',7221,NULL,'1992-09-30 19:51:04','2005-10-12 21:17:35'),(44,4,61,'Minus error quas id eum laboriosam. Culpa atque quas ea esse maxime accusantium similique. Maiores atque est officiis fugiat. Eveniet sequi voluptas labore.','maiores',10964861,NULL,'2000-01-28 12:15:38','1997-11-03 17:21:34'),(45,1,29,'Corrupti eveniet itaque delectus rerum. Sint harum molestias nostrum itaque sint quidem. Natus eligendi dolorem ipsam impedit natus error. Inventore quam eveniet omnis.','sunt',891341,NULL,'1994-12-31 02:14:57','1994-10-09 05:14:24'),(46,2,100,'Laboriosam sit quaerat aut dolorem vel id cupiditate et. Quaerat nesciunt recusandae non quas. Nobis consequatur vel sunt pariatur odio optio.','dolorum',167,NULL,'1997-05-01 18:20:52','1990-06-02 17:48:36'),(47,3,31,'Amet id illum voluptates dolores voluptas aperiam magnam occaecati. Sunt laboriosam facere ipsam aut molestias eaque ducimus. Illo autem est corrupti quisquam et recusandae. Ipsam nihil distinctio minus cupiditate occaecati illum.','omnis',1,NULL,'1977-03-28 10:54:32','1994-04-26 11:48:05'),(48,4,65,'Aut asperiores eveniet quos non. Porro iure qui optio incidunt inventore.','officiis',52885,NULL,'1987-04-24 10:56:38','1990-04-01 14:44:22'),(49,1,78,'Aut provident et molestiae. Cupiditate inventore voluptatem porro quia ipsa dolores qui. Nemo aspernatur eveniet mollitia ut et vel minima veniam.','dolorem',2608,NULL,'2020-09-01 03:52:59','2021-02-28 21:26:44'),(50,2,18,'Dolores rerum molestias deserunt vero. Nisi praesentium officia optio sit aperiam modi amet. Sequi sint est cum fugit unde nisi commodi.','et',7137,NULL,'1971-01-05 12:39:10','1974-09-02 04:49:18'),(51,3,56,'Illum quia enim mollitia et. Cumque eum doloribus placeat id nihil. Cupiditate possimus voluptatum facilis consectetur natus enim quod. Maiores ut dolor odio qui. Excepturi et fuga occaecati sunt debitis officiis.','rerum',302902,NULL,'2005-03-29 15:27:42','2004-02-13 04:07:42'),(52,4,66,'Numquam cumque animi quidem asperiores est ea. Aut a enim molestiae quibusdam autem nobis magni. Consequuntur ut vel dolores tempora placeat distinctio similique. Est maiores reiciendis qui quam ratione eligendi.','alias',83352660,NULL,'1978-01-23 18:01:18','1995-12-25 23:49:58'),(53,1,4,'Molestias ipsam nesciunt deserunt voluptate et. Quos reprehenderit laboriosam eos velit. Architecto non et non ut maxime.','saepe',73708275,NULL,'1974-05-20 05:57:39','1982-01-01 11:21:11'),(54,2,7,'Repudiandae voluptas ut voluptas tempora ut. Beatae impedit aut rem a nemo quo odit. Eius voluptas et sed illo. Numquam est mollitia porro consequatur.','dolor',8532116,NULL,'1977-01-26 19:18:29','1973-12-01 11:59:59'),(55,3,8,'Suscipit soluta ut dolorem laudantium. Fugiat quam qui id quia. Consequuntur iusto odio possimus omnis earum ad. Ea quia officia quia. Ex delectus tempore dolorem voluptatem ex ut.','perspiciatis',315,NULL,'1976-12-29 16:18:18','2004-03-22 22:43:24'),(56,4,9,'Nostrum molestiae aliquam quia quis et. Laborum nostrum autem velit. Voluptatem quibusdam nisi id necessitatibus omnis. Quia exercitationem nesciunt exercitationem non odio. Nemo eius amet illo veritatis inventore quaerat.','dolor',2,NULL,'2009-06-03 02:32:07','1994-10-12 03:32:49'),(57,1,23,'Magni dolore optio ad dicta. Facere beatae ratione quia velit perferendis. Error ullam temporibus optio officia dolores alias laborum.','aut',7179021,NULL,'2018-06-05 14:23:30','1978-12-17 05:55:11'),(58,2,38,'Modi autem in modi voluptates consequatur magnam odit. Qui consectetur dolore culpa ipsam sequi aut.','minima',66421545,NULL,'2001-08-22 10:31:08','1996-07-12 09:15:59'),(59,3,92,'Voluptatem pariatur nisi natus necessitatibus quas qui omnis totam. Illo libero ut quae nostrum maiores. Sed neque natus exercitationem deserunt.','sed',262,NULL,'2017-05-27 00:53:55','1985-03-28 05:19:22'),(60,4,57,'Hic quibusdam quis beatae aliquam repellendus corporis suscipit. Minima voluptatem et vitae at temporibus sed ut omnis.','ducimus',234,NULL,'2012-02-02 17:24:24','1991-05-30 09:10:07'),(61,1,34,'Doloribus odio accusantium quam nam. Necessitatibus odio nulla similique libero laborum voluptates optio exercitationem. Vero sit fugit doloremque ipsam nulla dignissimos.','id',924146,NULL,'1996-12-05 04:06:49','2000-12-01 19:58:38'),(62,2,69,'Libero sed qui id. Quia nesciunt consequatur quibusdam aspernatur vel ab sed impedit. Recusandae hic cupiditate non autem.','sed',60,NULL,'1986-04-16 00:08:08','2020-05-23 13:05:17'),(63,3,99,'Est aliquam rerum accusamus ducimus accusamus. Quam vel dolore in. Recusandae quae corrupti corporis asperiores non alias id provident. Minima quae et aliquam soluta placeat quos.','eos',99,NULL,'1972-08-14 02:15:23','1974-05-02 06:24:52'),(64,4,31,'Suscipit et minus eos ut est vero. Nesciunt cumque dolores officia et autem ullam.','laboriosam',34909754,NULL,'2013-04-27 09:27:34','2022-08-21 21:15:23'),(65,1,68,'Aut possimus molestias sequi dolore facilis vero tempora id. Magnam deserunt tempore in. Adipisci natus quidem et in omnis fugiat doloribus.','nostrum',499016,NULL,'1998-02-05 06:03:24','1989-05-22 21:03:01'),(66,2,18,'Repudiandae neque doloremque eum dolor. Consequatur aspernatur aperiam qui nesciunt ut unde. Enim sit sed alias perspiciatis rerum.','accusantium',10976,NULL,'1988-12-14 18:06:31','2017-08-11 15:07:48'),(67,3,78,'Perspiciatis voluptatum reprehenderit optio. Laboriosam molestias adipisci sunt repellendus aliquid neque. Voluptatem fugit quod voluptatem dicta et repellat.','libero',9617,NULL,'1998-11-07 21:40:25','2004-04-07 17:29:02'),(68,4,45,'Impedit et ipsum occaecati blanditiis. Vitae non sed architecto magni quidem quos. Minus eaque quis non amet consequuntur. Consequatur autem quia assumenda veniam sequi sit dolores esse.','architecto',84722,NULL,'1988-07-18 03:23:26','2016-08-27 13:18:53'),(69,1,66,'Aut fugit minus saepe optio iste. Quas repudiandae inventore adipisci illum voluptatem assumenda qui. Perferendis suscipit tempora voluptatum optio. Beatae autem amet aut et sed saepe dolorum.','omnis',65157116,NULL,'1974-03-26 04:37:04','1976-04-06 17:57:02'),(70,2,29,'Ab temporibus voluptatem ad accusantium architecto. Saepe error accusantium velit sit totam deserunt facilis. Velit molestias et inventore qui. Ut qui tempora voluptatum dignissimos aperiam ut sit.','reiciendis',875370,NULL,'2017-03-29 04:39:17','1991-02-11 09:19:54'),(71,3,50,'Dolorem dolore et iste velit. Voluptatem recusandae enim delectus explicabo exercitationem quam minima. Vero alias minus exercitationem eos quos eum. Similique suscipit fugit est corrupti. Facilis ut velit magnam rerum aut assumenda.','consequatur',0,NULL,'1990-09-12 11:42:04','2010-08-22 05:59:29'),(72,4,99,'Neque ad vero molestias aut eveniet ut. Reiciendis dolore reprehenderit aut ad. Quos eos commodi aut voluptas.','dolorum',7405,NULL,'1990-10-22 16:14:41','1972-10-15 10:54:54'),(73,1,49,'Architecto corporis rerum enim explicabo ipsum deleniti enim. Ea sed consectetur fugiat inventore nihil aliquid. Pariatur fuga incidunt blanditiis minus ex blanditiis veritatis. Tempora distinctio autem dignissimos enim pariatur atque voluptatum.','quis',15705655,NULL,'1992-08-26 02:34:18','2009-07-05 23:21:25'),(74,2,53,'Deleniti sunt maxime deserunt ut culpa. Magnam ex commodi sint facilis et sint.','voluptas',4,NULL,'2021-09-17 01:32:56','1989-08-15 10:54:56'),(75,3,59,'Fugiat distinctio in et ea eveniet corrupti dolorum. Est nobis molestiae eos eligendi. Et necessitatibus non libero.','ab',0,NULL,'2012-06-08 05:46:06','1976-02-11 16:45:27'),(76,4,78,'Modi excepturi tenetur et alias. Aspernatur porro veniam ab vero voluptas velit aliquid. Repellendus ducimus dolores quia velit. Velit qui ut sunt voluptatem et tempore.','repellendus',176082203,NULL,'2008-07-11 01:57:59','1978-12-05 00:35:32'),(77,1,52,'Eos aliquam quod est sed aut sapiente consequatur. Quo non nostrum dolorem repellat aperiam adipisci recusandae.','aperiam',4,NULL,'2021-11-18 13:50:01','1987-07-01 05:51:59'),(78,2,90,'Consequatur voluptatem molestiae aut veniam. Vitae rem eius perferendis in saepe nihil. Omnis qui et quis. Nam saepe a ea sit dignissimos.','minima',51,NULL,'2006-08-10 06:45:13','2003-05-06 14:34:26'),(79,3,42,'Iure tempore ut quo eos. Non quasi id dolorem recusandae ratione. Hic aut molestiae quibusdam dolores recusandae perspiciatis.','ut',8449624,NULL,'1979-09-14 09:40:33','1978-11-24 23:36:56'),(80,4,30,'Et necessitatibus molestiae repellat est necessitatibus voluptatem. Itaque reiciendis voluptates illo sit. Ratione ab debitis delectus eos.','earum',0,NULL,'1993-11-02 04:20:06','1972-10-12 17:17:34'),(81,1,7,'Suscipit et odio eius quas expedita in placeat. Perferendis et amet sit dolores. Cum dolor et excepturi vel consequatur. Vitae repellendus qui rerum ea rerum et. Quas nam eum ducimus voluptas et.','quasi',67,NULL,'1996-04-18 22:56:14','1999-02-07 01:16:56'),(82,2,97,'Doloremque cum soluta omnis unde non. Rerum qui eos provident a recusandae. Qui qui consequuntur beatae incidunt explicabo doloremque.','assumenda',4,NULL,'2021-09-26 14:44:06','2010-05-11 04:06:20'),(83,3,95,'Non sit fugiat eos in. Quae quae aut alias. Autem corporis quidem aut.','quo',93776900,NULL,'1999-03-06 13:48:20','1991-02-07 03:02:44'),(84,4,11,'Autem quisquam voluptas aut alias. Vitae et quia facilis eos. Natus ea consequatur rerum enim.','voluptatem',503,NULL,'2010-06-16 03:51:10','1995-03-24 19:25:53'),(85,1,3,'At perspiciatis eos consequuntur facilis quaerat et accusamus voluptas. Et totam dignissimos aspernatur sequi. Perspiciatis earum ut quia rerum hic fuga. Harum quasi dolor voluptas facere. Laudantium aspernatur et voluptas itaque ipsa.','qui',7,NULL,'2017-08-25 08:02:02','2020-05-27 04:40:49'),(86,2,3,'Ut nobis nesciunt consequuntur. Minus et cupiditate quibusdam ipsam. Ea ut voluptatem non atque impedit et voluptas. Et sit vitae eius dolor est corporis.','doloribus',944954,NULL,'1998-09-14 08:56:49','1972-09-03 20:55:41'),(87,3,19,'Fugit eligendi provident sapiente velit tempore a possimus. Et occaecati quo voluptas ut similique nemo veritatis. Animi tempora laudantium laboriosam necessitatibus expedita provident. In ab nisi eius culpa repellat.','ut',0,NULL,'1993-11-14 00:15:22','1996-05-26 06:31:33'),(88,4,26,'Quisquam non est quo non. Aperiam dolor consequuntur fugiat sequi qui beatae. Porro esse nihil esse suscipit tempora nihil magnam.','inventore',185,NULL,'1975-12-09 19:05:54','1977-12-31 01:42:55'),(89,1,40,'Repudiandae ut optio expedita totam eum doloremque. Velit sit minus voluptas veniam doloremque dolor ut facilis.','sed',957,NULL,'1996-11-14 04:14:20','1993-05-07 15:46:08'),(90,2,11,'Placeat id voluptatem officia sunt vero voluptates dolor expedita. Nesciunt ab est nihil quis sequi esse. Voluptas maiores quia ut odio corporis minima.','aut',876737205,NULL,'2018-11-16 07:38:59','2022-05-14 19:28:49'),(91,3,82,'Tempora repudiandae consequatur veritatis animi rerum reiciendis. Quis mollitia provident aut et. Nihil eos ut iusto sint quia. Ut eum excepturi autem voluptas aperiam voluptate quod nostrum.','autem',34085,NULL,'2014-05-16 14:20:33','2011-08-25 15:43:55'),(92,4,73,'Aut sint nobis sit. Modi nemo quis sed aut. Eveniet et aspernatur ullam ipsam.','incidunt',44223,NULL,'1988-05-06 22:05:49','1996-12-28 03:49:24'),(93,1,79,'Dolorem architecto quia impedit assumenda reiciendis iusto reprehenderit rerum. Ab aut sit voluptatem consequatur doloribus ea corporis illo. Autem molestias sed beatae doloremque tenetur. Quaerat non harum qui nobis quaerat necessitatibus aliquam.','ex',936211,NULL,'2007-12-19 21:21:03','2018-05-28 23:23:40'),(94,2,81,'Reiciendis eum nam voluptates. Ut maiores est et nisi aut voluptates. Mollitia doloremque vel quis voluptates vel adipisci sit.','molestiae',241906,NULL,'2003-10-22 11:58:34','1984-08-06 14:52:49'),(95,3,4,'At aut consequuntur nisi hic aut ut. Ex suscipit commodi officiis debitis repudiandae. Culpa consequuntur quisquam ut quibusdam.','cumque',0,NULL,'2011-08-10 12:32:50','1979-10-06 07:14:14'),(96,4,46,'Explicabo iste iusto excepturi sed maxime commodi itaque. Aliquam accusamus quidem omnis quo qui modi consectetur. Necessitatibus odit quo in et tempora quis quae. Qui in nihil sit dicta et quae.','fugiat',819404,NULL,'1992-01-13 16:11:01','2018-07-11 23:11:19'),(97,1,99,'Et vel dolores rem nemo ut est est. Veritatis dignissimos voluptatibus quia autem iste pariatur. Labore laborum enim magni tempora sit maiores natus non. Ipsum nam unde expedita minima.','enim',84,NULL,'1998-10-07 10:33:08','2022-09-14 15:15:46'),(98,2,81,'Voluptas illo qui odit nisi. Doloribus totam ratione omnis aut occaecati voluptas possimus. Aperiam rerum voluptates minus consectetur.','esse',0,NULL,'2010-06-23 13:59:51','1982-09-05 23:56:10'),(99,3,91,'Aliquid a laboriosam impedit placeat ex alias sunt. Sit eum qui sequi id rem error ipsum. Et ut et omnis nihil laudantium.','incidunt',0,NULL,'1979-05-15 16:22:58','2004-04-12 18:05:56'),(100,4,64,'Neque perspiciatis delectus rem sunt magnam autem. Porro quas mollitia eius molestiae facilis ratione et. Aut qui iste et odit excepturi.','delectus',52846462,NULL,'2001-10-13 22:30:41','2015-03-25 06:57:29');
/*!40000 ALTER TABLE `media` ENABLE KEYS */;
UNLOCK TABLES;

--
-- Table structure for table `media_types`
--

DROP TABLE IF EXISTS `media_types`;
/*!40101 SET @saved_cs_client     = @@character_set_client */;
/*!40101 SET character_set_client = utf8 */;
CREATE TABLE `media_types` (
  `id` bigint(20) unsigned NOT NULL AUTO_INCREMENT,
  `name` varchar(255) COLLATE utf8mb4_unicode_ci DEFAULT NULL,
  `created_at` datetime DEFAULT current_timestamp(),
  `updated_at` datetime DEFAULT current_timestamp() ON UPDATE current_timestamp(),
  PRIMARY KEY (`id`)
) ENGINE=InnoDB AUTO_INCREMENT=5 DEFAULT CHARSET=utf8mb4 COLLATE=utf8mb4_unicode_ci;
/*!40101 SET character_set_client = @saved_cs_client */;

--
-- Dumping data for table `media_types`
--

LOCK TABLES `media_types` WRITE;
/*!40000 ALTER TABLE `media_types` DISABLE KEYS */;
INSERT INTO `media_types` VALUES (1,' photo','1993-11-10 21:18:35','1997-02-03 02:09:31'),(2,' images','1989-04-15 16:44:43','2009-04-12 13:32:40'),(3,'audio','1986-04-11 20:35:41','1970-01-29 01:30:01'),(4,' video','1991-10-21 03:18:13','2001-07-30 10:35:46');
/*!40000 ALTER TABLE `media_types` ENABLE KEYS */;
UNLOCK TABLES;

--
-- Table structure for table `messages`
--

DROP TABLE IF EXISTS `messages`;
/*!40101 SET @saved_cs_client     = @@character_set_client */;
/*!40101 SET character_set_client = utf8 */;
CREATE TABLE `messages` (
  `id` bigint(20) unsigned NOT NULL AUTO_INCREMENT,
  `from_user_id` bigint(20) unsigned NOT NULL,
  `to_user_id` bigint(20) unsigned NOT NULL,
  `body` text COLLATE utf8mb4_unicode_ci DEFAULT NULL,
  `created_at` datetime DEFAULT current_timestamp(),
  PRIMARY KEY (`id`),
  KEY `from_user_id` (`from_user_id`),
  KEY `to_user_id` (`to_user_id`),
  CONSTRAINT `messages_ibfk_1` FOREIGN KEY (`from_user_id`) REFERENCES `users` (`id`) ON DELETE CASCADE ON UPDATE CASCADE,
  CONSTRAINT `messages_ibfk_2` FOREIGN KEY (`to_user_id`) REFERENCES `users` (`id`) ON DELETE CASCADE ON UPDATE CASCADE
) ENGINE=InnoDB AUTO_INCREMENT=101 DEFAULT CHARSET=utf8mb4 COLLATE=utf8mb4_unicode_ci;
/*!40101 SET character_set_client = @saved_cs_client */;

--
-- Dumping data for table `messages`
--

LOCK TABLES `messages` WRITE;
/*!40000 ALTER TABLE `messages` DISABLE KEYS */;
INSERT INTO `messages` VALUES (1,88,50,'Id aliquam facere ipsum aut dicta. Possimus aperiam fuga et. Saepe deleniti et magni incidunt eum odio aspernatur et. Dolorem quasi doloremque laboriosam quod ipsam neque dignissimos. Beatae placeat unde dignissimos possimus necessitatibus.','2009-11-07 21:22:45'),(2,69,99,'Debitis fugiat ex praesentium pariatur. Inventore eaque ducimus quia et praesentium quisquam voluptatem. Et ut maxime est exercitationem eligendi beatae et veritatis. Nisi unde unde voluptatem soluta hic.','2014-10-01 08:28:48'),(3,12,1,'Animi libero ratione omnis exercitationem voluptas. Suscipit illo consequatur consequatur excepturi aliquam itaque. Dolorem necessitatibus amet et reprehenderit facere enim inventore.','2007-05-28 04:10:22'),(4,58,23,'Iusto veniam sequi quos autem voluptas. Molestias quia aut harum perspiciatis est. Molestiae commodi velit id ea.','2012-02-16 10:13:34'),(5,17,1,'Incidunt officiis est mollitia vel excepturi cum. Omnis sunt error quo architecto velit. Veritatis aut non doloribus.','1979-06-01 03:46:55'),(6,32,56,'Magnam ut totam ut odio eum enim. Voluptas omnis perspiciatis nemo ut vitae voluptatem earum. Ut velit ut eum quos earum quos nesciunt. Sunt quas error nobis et distinctio ut qui est.','1974-11-20 16:52:53'),(7,87,56,'Voluptas non totam aut error porro ut et voluptas. Voluptas culpa iste voluptas dolor voluptatem. Aut iste quo dolor sunt explicabo sunt incidunt.','1978-08-23 17:47:30'),(8,28,82,'Sunt modi odio ut sed reiciendis sapiente quidem aut. Blanditiis dolores ullam numquam rem distinctio provident. Debitis commodi consequatur illo ut deserunt eveniet a. Voluptatum enim sapiente ut natus. Nobis tempore error dolores repudiandae ea vel quis.','2006-11-30 08:06:26'),(9,87,95,'Libero ut iure eaque enim voluptate dolores. Excepturi quibusdam quia veritatis omnis accusamus sint.','2004-11-17 19:50:18'),(10,73,88,'Iste eos eos quae quia quia. Quaerat nam minus expedita blanditiis est nobis quia. Reprehenderit dolorem itaque libero rerum.','2009-02-28 10:18:23'),(11,46,75,'Est omnis natus nihil quis. Labore reprehenderit sit repellendus quibusdam occaecati ut. Ea nesciunt atque ullam.','2002-04-26 22:39:51'),(12,66,22,'Iste nemo facilis harum velit recusandae. Alias facere unde id eum eum. Nemo a reiciendis similique accusantium et. Quam nisi deserunt non iste dolor tenetur.','1997-09-08 11:42:09'),(13,6,93,'Dolores deserunt sunt et. Dicta amet culpa possimus ipsa consequatur. Ipsum dolorem explicabo iure quam quos ipsa minima.','1971-08-24 13:49:46'),(14,78,58,'Omnis consequuntur est alias. Sed ea eius veritatis saepe qui ut.','2003-03-01 02:04:45'),(15,74,7,'Quasi officiis quia id adipisci consectetur qui perspiciatis. Eaque est enim laudantium a. Rerum laborum eius amet consectetur id nisi ipsum.','2021-09-20 11:56:25'),(16,10,62,'Est vero molestias temporibus enim et. Quo non ullam corporis suscipit reiciendis. Aperiam magnam est qui eos quis harum.','2000-08-02 13:07:37'),(17,57,79,'Quos commodi in dolores quis qui laboriosam laboriosam. Aut in perspiciatis qui voluptatibus sit. Sit in quae eveniet veritatis aut laudantium eligendi. Non sit ut officia et dicta et in. Sed ipsum labore molestiae eum saepe.','1990-08-07 13:11:59'),(18,61,68,'Nulla inventore expedita exercitationem sit accusantium sint est. Porro adipisci itaque sit aliquid neque iure id numquam. Et recusandae aliquid eveniet. Qui tenetur dolorum laudantium adipisci. Qui dolorem facere iusto et et sit distinctio.','1974-04-03 21:18:34'),(19,79,18,'Molestiae sunt quisquam quisquam. Aut porro vel sed quia magni velit dolor. Dolorem saepe similique nostrum pariatur maiores.','1977-02-25 01:59:18'),(20,91,95,'Distinctio sed aut sint et vel et nobis. Nihil est dicta distinctio consequuntur ut quasi voluptas. Aliquam fuga veritatis tenetur velit accusamus.','1998-03-07 06:36:25'),(21,19,22,'Qui ipsam temporibus aut placeat doloremque dicta quis error. Labore ullam aperiam voluptatem. Sed et assumenda et. Non ut aspernatur quia labore quia.','2002-05-20 14:57:11'),(22,51,6,'Sed fugiat quia est nobis. Consequatur sit eligendi ducimus voluptas mollitia autem voluptatem. Natus excepturi incidunt aut similique facilis.','1991-03-14 01:48:37'),(23,78,78,'Odit possimus unde animi quisquam dolore. Totam non ut debitis accusantium fugit beatae velit. Iste quia omnis et.','2009-12-07 12:15:15'),(24,88,65,'Explicabo velit et ex doloremque earum et minima. Quo deleniti quis eos ipsa odio. Autem necessitatibus inventore est placeat cumque quis ad aut.','2020-11-06 18:03:56'),(25,72,60,'Impedit quod tenetur ex expedita reiciendis. Nulla asperiores esse modi assumenda. Vel vel quibusdam inventore id dolore est illum. Culpa aut nisi nihil.','1995-03-07 08:06:51'),(26,53,18,'Ut dolorum ut excepturi quis aliquam dolorum. Autem consectetur at quo dolores. Velit non et fugiat.','1996-02-05 08:50:00'),(27,35,18,'Error quaerat officiis sapiente rerum praesentium. Et totam rerum magnam. Molestiae sunt impedit sed veritatis quo laudantium consequatur quo.','2006-02-27 04:50:11'),(28,39,40,'Est debitis dolorum quo alias fugit aut in. Et repellendus ipsum consectetur aut. Et sed natus quos est aut rerum tenetur. Quos non quaerat voluptas animi velit ratione quibusdam. Cumque ipsum soluta quo voluptatem officiis porro.','2022-04-24 09:06:35'),(29,11,16,'Veniam quia porro iusto dolor earum. Vitae voluptatem adipisci hic et.','2018-10-25 09:10:12'),(30,97,85,'Consectetur rerum minus sunt ullam dolorum inventore. Delectus corrupti id autem est labore similique. Optio commodi eius praesentium nostrum et. Praesentium qui in qui dolorem.','1976-06-14 21:51:52'),(31,22,7,'Est quibusdam libero architecto velit animi possimus. Magnam asperiores facere amet sequi earum nostrum dolore. Quia fugit quo neque ipsum officia.','1971-01-29 14:11:13'),(32,47,78,'Aut qui vel omnis vitae. Quia ut et voluptatem ducimus nemo molestiae. Quo vel distinctio maxime aperiam et cum.','2012-04-12 14:16:19'),(33,85,7,'Mollitia nihil sunt ab qui repellendus vero. Qui natus sunt corrupti officia autem eligendi numquam. Veniam ut eum ad quos nostrum.','2018-02-28 02:35:19'),(34,46,63,'Quis aspernatur adipisci qui non omnis eos. Ut omnis ducimus accusamus voluptas suscipit. Alias ut deserunt amet doloremque voluptatem aut.','2005-02-18 04:55:00'),(35,25,37,'Quam et veniam aut ea ullam unde ab atque. Expedita illo dolores quidem nulla libero. Dolore alias sapiente et aut sit. Molestiae incidunt optio sit sunt non.','2012-09-02 20:16:58'),(36,58,44,'Sed voluptate eos illo corrupti eaque ullam vel. Eaque labore dolore deserunt est.','2019-04-12 05:48:23'),(37,59,8,'Illum pariatur qui eum rerum qui ipsum temporibus voluptatem. Adipisci debitis velit sit velit quas iusto eveniet. Est nesciunt similique numquam quibusdam aut possimus voluptates. Qui aut in error aut.','1981-07-25 14:35:48'),(38,50,37,'Tempore minima ut et qui a. Occaecati unde expedita repudiandae eligendi iusto fugit et. Amet aperiam non adipisci earum. Error sequi reprehenderit id eaque est amet et tempore.','2011-06-26 09:18:57'),(39,85,37,'Neque ducimus suscipit maiores et vel perspiciatis. Hic ipsam natus cum. Dolore et omnis iure delectus cupiditate. Amet vitae maiores eum sunt libero nihil.','1993-08-13 00:17:32'),(40,1,57,'Nostrum reprehenderit possimus dolores voluptas. Suscipit nulla corporis odio vel. Ut omnis commodi labore blanditiis explicabo natus.','1999-07-05 23:22:52'),(41,96,54,'Dolorem et sed est quae quasi. Quia dolores natus vitae aperiam. Deserunt impedit aut asperiores facilis est optio.','1996-08-11 22:17:45'),(42,74,30,'Modi ratione aperiam tenetur nihil corrupti amet facere. Ab est molestiae veniam magnam et.','2013-09-24 21:14:49'),(43,72,12,'Excepturi tempora molestiae ut iusto repellendus facilis. Esse quo beatae perferendis quibusdam quas nihil laudantium. Pariatur excepturi quibusdam quia cupiditate vitae placeat. Ducimus aut porro enim sequi sequi ea dolor.','1990-11-08 00:45:59'),(44,69,83,'Veniam deserunt impedit corporis voluptatem dolorem. Eum laudantium excepturi qui et inventore. Veritatis ut hic consequatur molestiae sed. Non rerum adipisci voluptas beatae eos qui ut explicabo.','1972-10-04 16:22:31'),(45,28,66,'Consectetur delectus fuga autem. Quasi nobis pariatur qui doloribus quaerat. Officia magnam hic quod a iure porro dolores. Quia natus culpa nobis vel.','2013-07-21 19:03:54'),(46,67,49,'Consequatur itaque consequuntur eum pariatur. Veritatis aut quo voluptas et nulla. Laudantium quasi voluptatem fugiat quia rem natus.','2020-09-04 05:17:37'),(47,72,13,'Cum aut impedit sint ut quis maxime. Quo iusto numquam enim incidunt voluptas ratione. Maxime et quo eos at qui fuga.','2022-10-01 19:34:20'),(48,27,56,'Voluptatem iusto molestiae velit eos dolores et. Dolorem perspiciatis quia reprehenderit nobis aliquam et non. Facilis modi ut in exercitationem.','2001-11-11 04:07:47'),(49,20,73,'Doloremque eos nihil incidunt sapiente. Recusandae quod voluptate delectus inventore temporibus eligendi. Dignissimos velit est ducimus minima. Et est asperiores ea.','1970-04-07 09:08:37'),(50,19,44,'Aut animi reiciendis maxime totam quae eos labore. Mollitia dignissimos laborum saepe vel quod aliquid. Fugiat atque delectus sequi facere.','2002-03-02 21:15:01'),(51,10,77,'Quas et voluptatem excepturi. Officiis sit cum debitis placeat iure. Velit sed et maxime et laboriosam necessitatibus dolorem. Corporis voluptate non laboriosam quibusdam ea. Culpa et temporibus earum qui aut tenetur fuga.','1995-02-09 05:59:57'),(52,87,68,'Soluta odit quo exercitationem officiis et sit veritatis aut. Maxime ducimus cupiditate accusamus sit quis autem. Qui reprehenderit sint et quam. Voluptates animi enim ipsam fuga.','1991-09-26 04:26:14'),(53,85,36,'Officia eligendi optio officiis inventore. Qui et quia sed deleniti dolor provident aut. Ut quaerat repellat ea soluta corporis sit.','1974-03-02 08:24:35'),(54,4,70,'Provident quisquam tempora enim et voluptatum qui qui. Molestiae aperiam rem eum aut voluptas voluptatibus commodi.','2007-08-08 11:41:17'),(55,73,5,'Minus est rerum quae. Voluptas molestiae eveniet pariatur placeat.','1983-11-21 16:22:29'),(56,26,68,'Est iure omnis voluptas et. Harum quo nemo consequatur. Quae nihil maiores ut officia temporibus. Aperiam voluptas soluta quam dicta culpa asperiores nobis.','2001-12-14 20:00:43'),(57,59,100,'Officia incidunt dignissimos voluptatem omnis nihil. Omnis repellat et officia est fugiat quasi ea. Quae vitae quo quo quia qui esse.','2006-10-29 12:01:56'),(58,98,30,'Veniam dolorum eum voluptas rerum ipsum sapiente. Dolor aliquam quasi ut autem tenetur. Rem vel sed ipsum qui quo ea. Quis explicabo blanditiis consectetur sunt dicta id.','2013-11-13 21:42:37'),(59,11,66,'Non assumenda doloribus aut ut distinctio voluptatem. Deleniti aspernatur et doloremque. Aliquid id cum autem ea distinctio similique doloremque nesciunt. Est dolorum eligendi sunt nulla dignissimos assumenda suscipit.','1989-04-26 07:37:35'),(60,12,39,'Ut ipsum et eos ea id. Amet omnis a deserunt est porro consequatur. Et illo vel excepturi ad odio. Mollitia esse quaerat incidunt veritatis.','1973-11-21 02:59:19'),(61,32,79,'Magnam quo error eius aut. Fugiat ipsam hic rerum. Aliquid fuga facilis veritatis odit est quisquam eligendi quas.','1993-06-23 06:41:31'),(62,88,3,'Incidunt architecto sed laborum repudiandae. Suscipit ut eos nesciunt at. Sint est expedita et at et. Qui voluptas aut eum cum omnis.','2012-08-03 07:05:00'),(63,91,15,'Qui adipisci a voluptatem molestiae rerum ipsam. Ut voluptatem aliquid laudantium rerum enim. Delectus aspernatur dignissimos sit veritatis eum. Voluptatem error quaerat ullam incidunt.','1996-05-06 22:09:37'),(64,59,10,'Distinctio maxime expedita repellat reiciendis. Earum tempora quos dolor voluptas. Repellendus distinctio quis a sint occaecati dignissimos. Qui enim ipsa et.','1981-05-11 20:31:15'),(65,87,78,'Ab asperiores ad quidem. Illo sint omnis accusantium accusamus qui. Repudiandae dolor numquam sunt in quidem.','1970-02-19 11:31:17'),(66,54,96,'Et soluta aut aut mollitia eius ipsam quis consequatur. Optio dolores reprehenderit ut. Molestiae iusto et similique unde ipsa. In dolor odio modi perspiciatis molestiae.','1996-05-14 21:52:35'),(67,54,41,'Ut harum dignissimos repellendus ipsum. Porro blanditiis et enim impedit dolores quae. Necessitatibus voluptas qui similique hic. Vel laudantium est et dignissimos. Ut ex sint voluptas sint.','2006-04-24 12:16:43'),(68,64,39,'Ad eaque voluptatibus consequatur quaerat explicabo corporis. Magnam vero dolor cupiditate. Hic iure quia inventore ea deserunt quibusdam.','1980-10-25 13:07:01'),(69,77,68,'Odio eum et ut voluptates dignissimos sit. Nulla veritatis rerum quae quo aspernatur deleniti. Quasi eius est accusantium. Aut qui officiis recusandae reprehenderit non et voluptates quisquam.','1973-10-26 04:41:43'),(70,8,49,'Blanditiis ratione ducimus eum pariatur et vero. Et numquam pariatur cupiditate cupiditate rerum. Doloremque ad reiciendis nisi ut tempore. Commodi doloremque labore voluptas ad.','2018-05-07 04:56:06'),(71,73,33,'Asperiores minima ullam quae id quae nemo ipsa enim. Eveniet est consequatur id enim quia. Est totam repellendus nulla odit.','2015-06-03 22:02:48'),(72,16,31,'Sunt nihil est et quia itaque. Quos veniam quaerat deleniti. Aut rerum et eos dolorem officia officiis. Illo iure maxime id voluptas suscipit omnis aut eum.','1978-12-10 00:58:41'),(73,32,13,'Odio corporis provident molestiae rerum nihil. Eum commodi officia blanditiis sunt saepe molestiae molestias. Quam necessitatibus odit deserunt qui ipsum. Voluptatem dolorem hic doloremque commodi.','2012-08-27 23:00:46'),(74,60,43,'Harum est sapiente est fugit impedit nisi nostrum perferendis. Esse ex ut dolore voluptas cumque. Aperiam nemo voluptas dolorem iure et. Sit quia sequi tenetur quia consectetur.','1984-05-16 13:22:17'),(75,79,71,'Voluptatem debitis repellendus repellendus id est labore. Perspiciatis voluptas sunt voluptatem similique velit.','1980-09-26 04:16:33'),(76,81,10,'Vel distinctio quis enim repudiandae ducimus. Nam saepe et ut iste. Repudiandae aut modi itaque quo. Aut sit nostrum et provident odit. In exercitationem assumenda dolor fugit sit totam.','1997-08-05 22:59:26'),(77,49,69,'Vel tenetur minus ducimus aut doloremque sed velit eum. Cumque facere id optio asperiores. Aut quo impedit sed optio ut. Laboriosam similique et voluptatem quo.','1989-08-14 00:09:04'),(78,13,40,'Fugiat amet voluptatem suscipit. Quia qui a quis deserunt. Ex id sit eum quia et aut nemo. At occaecati ut et.','2014-02-03 09:58:20'),(79,83,71,'Molestias eos et quis. Et in voluptas enim sed accusantium. Aliquid totam voluptas quae aliquam. Quos atque officia non enim.','2015-06-10 07:54:08'),(80,50,69,'Quo odit aut qui rem id. Neque sed aliquid qui aut est. Aliquid vel occaecati est rerum minus. Voluptatibus sit nemo et inventore.','1994-01-02 11:28:05'),(81,49,3,'Harum occaecati provident soluta sint. Itaque ipsum et magni mollitia ex voluptatem quia. Molestiae omnis aliquam necessitatibus minima ipsum. Voluptatem harum illum quia aperiam.','1999-07-09 23:44:27'),(82,65,3,'Dignissimos consequatur omnis autem. Quasi possimus necessitatibus aut ut. Necessitatibus qui sed officiis autem. Et rerum dignissimos laborum excepturi est nihil esse.','2011-07-22 19:25:57'),(83,44,29,'Quo iusto nisi facere officiis sunt aut consectetur. Sit vel ut aut odio repellendus maxime perspiciatis. Ab et eaque quod.','2018-06-10 01:48:36'),(84,41,20,'Voluptatem harum pariatur amet molestiae excepturi. Non quo dicta dolorum magni. Cum quis nobis quos ut hic et. Provident rem tempore reprehenderit est ipsum exercitationem vitae.','1993-01-01 01:42:15'),(85,96,48,'Ea illo amet id vel accusantium ut et. Cumque qui in dolorem vel molestias nesciunt. Impedit sit modi modi veniam autem. Dolor qui laborum voluptatem veniam sit laborum illo.','1972-02-13 16:31:13'),(86,68,68,'In ea impedit quibusdam est. Aut sed et corrupti omnis voluptatem deserunt. Optio nisi quo in dolore explicabo. Magni consequatur maiores omnis vel blanditiis voluptates aut et.','2000-09-16 21:26:02'),(87,81,84,'Repellat aliquid nihil accusamus dolorum earum iusto. Voluptas dolores et incidunt aspernatur voluptatibus eos eveniet consequatur. Sunt et cum tempore consectetur quod. Nulla officia possimus officia.','1980-05-08 08:40:25'),(88,98,12,'Necessitatibus expedita et quo error. Optio ut neque numquam commodi eaque. Sit quaerat fugiat reprehenderit. Saepe earum ut qui molestiae est aut. Sapiente ullam voluptate dolor architecto nisi possimus.','1976-06-27 17:51:17'),(89,97,57,'Voluptatibus accusamus asperiores alias aliquam sit. Ut numquam consectetur in tenetur reprehenderit. Aliquam vel quia nulla.','1986-09-02 20:57:59'),(90,55,76,'Molestiae iste sed autem odio laboriosam enim doloremque non. Et eum occaecati dolore ea non. In illo tempora dolorem rem.','1973-07-19 18:50:17'),(91,28,36,'Veritatis officiis eius ipsam. Voluptas autem tempore deserunt ut. Voluptatibus inventore sunt tenetur nulla est tempore quam fuga.','1972-04-04 19:40:36'),(92,85,77,'Similique ad tempora reiciendis asperiores quidem dolore. Sunt consequuntur omnis unde vel distinctio quas. Vel eos consequatur iusto quia sit facere assumenda odit. Consectetur accusantium qui ut expedita.','1981-02-05 05:05:16'),(93,4,98,'Alias ratione consectetur inventore est est illum qui. Maiores sed dicta sed temporibus quia. Itaque maiores quas dignissimos quo.','1998-01-16 20:47:00'),(94,16,86,'Tempora beatae dolor voluptatem omnis omnis qui doloremque modi. Tenetur id inventore vero quidem non. Repellat enim autem ratione vero enim. Et dolores esse fuga. Culpa aut et ut delectus.','1970-04-11 09:33:39'),(95,69,65,'Dicta libero qui autem qui. Non maxime veniam praesentium qui tempora commodi. Aut deleniti earum dolor quis enim repellat labore. Natus deserunt sint ducimus qui sed.','1995-01-09 19:32:58'),(96,55,17,'Rerum aut fugiat quis dignissimos ea. Id dignissimos reprehenderit maiores. Tenetur voluptate et illum. Sequi amet necessitatibus excepturi.','1987-02-02 04:38:04'),(97,68,20,'Autem quos occaecati illo hic ut. Ducimus delectus incidunt est exercitationem enim nobis sed. Modi et ipsam aspernatur et.','2021-06-13 10:33:07'),(98,19,11,'Quibusdam architecto voluptatem veritatis est sit ut. Ratione dolorum ut eius nemo. Vitae aliquam officia est sequi dolores amet.','1972-12-21 22:46:51'),(99,48,60,'Cumque pariatur magni impedit voluptatem ut nihil nesciunt corporis. Ratione vel rem ullam modi et quia. Esse accusantium aut pariatur ea.','1984-01-25 12:57:29'),(100,30,43,'Placeat ipsum voluptatem aut quae. Error qui voluptates et dolorem sed cum. Ut esse expedita ut nobis aut ratione. Excepturi non doloremque asperiores sit minima.','1985-12-06 09:35:40');
/*!40000 ALTER TABLE `messages` ENABLE KEYS */;
UNLOCK TABLES;

--
-- Table structure for table `photo_albums`
--

DROP TABLE IF EXISTS `photo_albums`;
/*!40101 SET @saved_cs_client     = @@character_set_client */;
/*!40101 SET character_set_client = utf8 */;
CREATE TABLE `photo_albums` (
  `id` bigint(20) unsigned NOT NULL AUTO_INCREMENT,
  `name` varchar(255) COLLATE utf8mb4_unicode_ci DEFAULT NULL,
  `user_id` bigint(20) unsigned DEFAULT NULL,
  PRIMARY KEY (`id`),
  UNIQUE KEY `id` (`id`),
  KEY `user_id` (`user_id`),
  CONSTRAINT `photo_albums_ibfk_1` FOREIGN KEY (`user_id`) REFERENCES `users` (`id`) ON DELETE SET NULL ON UPDATE CASCADE
) ENGINE=InnoDB AUTO_INCREMENT=101 DEFAULT CHARSET=utf8mb4 COLLATE=utf8mb4_unicode_ci;
/*!40101 SET character_set_client = @saved_cs_client */;

--
-- Dumping data for table `photo_albums`
--

LOCK TABLES `photo_albums` WRITE;
/*!40000 ALTER TABLE `photo_albums` DISABLE KEYS */;
INSERT INTO `photo_albums` VALUES (1,'reprehenderit',82),(2,'voluptatem',95),(3,'ut',22),(4,'nam',45),(5,'occaecati',96),(6,'qui',2),(7,'voluptas',66),(8,'sunt',13),(9,'nisi',65),(10,'magni',25),(11,'quas',77),(12,'vel',50),(13,'iusto',96),(14,'earum',72),(15,'iusto',96),(16,'qui',14),(17,'tenetur',38),(18,'totam',92),(19,'quo',94),(20,'aut',39),(21,'aliquam',62),(22,'incidunt',52),(23,'sed',97),(24,'eos',8),(25,'illum',69),(26,'fugit',1),(27,'ipsum',88),(28,'ab',9),(29,'eius',8),(30,'voluptate',5),(31,'consequuntur',36),(32,'dolorum',90),(33,'quos',99),(34,'porro',57),(35,'dignissimos',35),(36,'pariatur',95),(37,'aut',59),(38,'occaecati',100),(39,'illum',8),(40,'porro',23),(41,'ratione',24),(42,'provident',85),(43,'id',73),(44,'laudantium',19),(45,'laudantium',56),(46,'voluptas',68),(47,'ea',33),(48,'quae',93),(49,'aut',60),(50,'cum',27),(51,'magni',32),(52,'expedita',22),(53,'vel',79),(54,'nisi',28),(55,'explicabo',29),(56,'voluptatem',47),(57,'voluptatibus',28),(58,'sunt',17),(59,'quo',56),(60,'repellendus',36),(61,'laborum',21),(62,'ratione',91),(63,'ut',26),(64,'qui',20),(65,'aut',48),(66,'doloremque',60),(67,'cupiditate',15),(68,'et',7),(69,'quia',59),(70,'aut',22),(71,'quae',30),(72,'et',83),(73,'voluptates',6),(74,'minima',2),(75,'nesciunt',2),(76,'illum',61),(77,'tempore',70),(78,'voluptas',34),(79,'et',54),(80,'voluptatem',29),(81,'et',60),(82,'tenetur',85),(83,'libero',50),(84,'veniam',38),(85,'cumque',13),(86,'odio',78),(87,'porro',85),(88,'maxime',41),(89,'nemo',94),(90,'vel',40),(91,'delectus',76),(92,'expedita',15),(93,'id',31),(94,'et',1),(95,'unde',35),(96,'amet',79),(97,'unde',61),(98,'architecto',49),(99,'atque',85),(100,'totam',19);
/*!40000 ALTER TABLE `photo_albums` ENABLE KEYS */;
UNLOCK TABLES;

--
-- Table structure for table `photos`
--

DROP TABLE IF EXISTS `photos`;
/*!40101 SET @saved_cs_client     = @@character_set_client */;
/*!40101 SET character_set_client = utf8 */;
CREATE TABLE `photos` (
  `id` bigint(20) unsigned NOT NULL AUTO_INCREMENT,
  `album_id` bigint(20) unsigned NOT NULL,
  `media_id` bigint(20) unsigned NOT NULL,
  PRIMARY KEY (`id`),
  KEY `album_id` (`album_id`),
  KEY `media_id` (`media_id`),
  CONSTRAINT `photos_ibfk_1` FOREIGN KEY (`album_id`) REFERENCES `photo_albums` (`id`) ON DELETE CASCADE ON UPDATE CASCADE,
  CONSTRAINT `photos_ibfk_2` FOREIGN KEY (`media_id`) REFERENCES `media` (`id`) ON DELETE CASCADE ON UPDATE CASCADE
) ENGINE=InnoDB AUTO_INCREMENT=101 DEFAULT CHARSET=utf8mb4 COLLATE=utf8mb4_unicode_ci;
/*!40101 SET character_set_client = @saved_cs_client */;

--
-- Dumping data for table `photos`
--

LOCK TABLES `photos` WRITE;
/*!40000 ALTER TABLE `photos` DISABLE KEYS */;
INSERT INTO `photos` VALUES (1,19,58),(2,54,68),(3,79,64),(4,68,78),(5,83,98),(6,37,54),(7,12,41),(8,10,93),(9,12,15),(10,68,17),(11,27,68),(12,85,48),(13,61,49),(14,97,22),(15,53,49),(16,83,71),(17,7,37),(18,39,85),(19,1,6),(20,62,83),(21,4,99),(22,37,15),(23,40,46),(24,7,51),(25,61,75),(26,67,88),(27,42,51),(28,35,3),(29,100,31),(30,24,52),(31,79,6),(32,23,85),(33,43,61),(34,70,43),(35,66,31),(36,25,70),(37,29,62),(38,84,69),(39,8,91),(40,19,68),(41,65,86),(42,56,7),(43,36,90),(44,9,35),(45,20,33),(46,87,99),(47,39,10),(48,83,81),(49,70,53),(50,23,36),(51,83,48),(52,5,12),(53,10,88),(54,80,17),(55,78,99),(56,85,43),(57,84,40),(58,49,20),(59,29,58),(60,55,48),(61,90,41),(62,46,28),(63,50,29),(64,9,20),(65,81,32),(66,56,64),(67,79,60),(68,76,88),(69,48,55),(70,4,26),(71,53,89),(72,69,37),(73,28,18),(74,56,56),(75,75,10),(76,4,65),(77,50,50),(78,93,100),(79,79,1),(80,20,60),(81,32,75),(82,23,11),(83,34,98),(84,99,82),(85,53,3),(86,7,5),(87,91,75),(88,41,18),(89,92,97),(90,74,67),(91,6,78),(92,31,55),(93,27,24),(94,55,6),(95,24,74),(96,65,56),(97,48,87),(98,66,82),(99,85,64),(100,63,37);
/*!40000 ALTER TABLE `photos` ENABLE KEYS */;
UNLOCK TABLES;

--
-- Table structure for table `profiles`
--

DROP TABLE IF EXISTS `profiles`;
/*!40101 SET @saved_cs_client     = @@character_set_client */;
/*!40101 SET character_set_client = utf8 */;
CREATE TABLE `profiles` (
  `user_id` bigint(20) unsigned NOT NULL AUTO_INCREMENT,
  `gender` char(1) COLLATE utf8mb4_unicode_ci DEFAULT NULL,
  `birthday` date DEFAULT NULL,
  `photo_id` bigint(20) unsigned DEFAULT NULL,
  `created_at` datetime DEFAULT current_timestamp(),
  `hometown` varchar(100) COLLATE utf8mb4_unicode_ci DEFAULT NULL,
  PRIMARY KEY (`user_id`),
  KEY `fk_photo_id` (`photo_id`),
  CONSTRAINT `fk_photo_id` FOREIGN KEY (`photo_id`) REFERENCES `photos` (`id`) ON DELETE SET NULL ON UPDATE CASCADE,
  CONSTRAINT `fk_user_id` FOREIGN KEY (`user_id`) REFERENCES `users` (`id`) ON DELETE CASCADE ON UPDATE CASCADE
) ENGINE=InnoDB AUTO_INCREMENT=101 DEFAULT CHARSET=utf8mb4 COLLATE=utf8mb4_unicode_ci;
/*!40101 SET character_set_client = @saved_cs_client */;

--
-- Dumping data for table `profiles`
--

LOCK TABLES `profiles` WRITE;
/*!40000 ALTER TABLE `profiles` DISABLE KEYS */;
INSERT INTO `profiles` VALUES (1,'m','1983-05-23',1,'1982-08-09 23:12:04',NULL),(2,'w','1978-10-25',2,'1981-01-17 20:28:24',NULL),(3,'w','1971-06-12',3,'2011-03-01 23:36:01',NULL),(4,'w','1971-11-05',4,'2021-05-07 16:54:07',NULL),(5,'m','1994-05-12',5,'2000-09-27 23:57:28',NULL),(6,'w','2010-03-15',6,'2022-03-02 08:18:33',NULL),(7,'m','2009-10-18',7,'2001-10-22 16:20:25',NULL),(8,'m','1986-07-30',8,'2019-09-25 12:07:50',NULL),(9,'w','1991-07-07',9,'2003-11-21 20:30:13',NULL),(10,'w','2003-03-10',10,'1987-07-14 23:28:39',NULL),(11,'m','2012-08-17',11,'2011-11-16 07:59:05',NULL),(12,'m','1996-11-03',12,'1989-03-17 03:57:12',NULL),(13,'m','1971-06-06',13,'1990-08-09 13:25:22',NULL),(14,'w','2007-09-01',14,'1982-07-18 00:39:50',NULL),(15,'w','2001-06-24',15,'2009-02-11 03:27:32',NULL),(16,'m','1988-12-12',16,'1986-09-07 10:31:29',NULL),(17,'w','1998-04-05',17,'1993-01-28 14:32:24',NULL),(18,'w','1984-02-05',18,'1993-09-29 19:58:49',NULL),(19,'w','1992-02-17',19,'1981-12-18 21:27:50',NULL),(20,'w','1976-03-02',20,'2017-01-08 11:04:19',NULL),(21,'m','1984-11-25',21,'2022-08-16 18:22:42',NULL),(22,'m','1977-12-18',22,'1973-03-20 20:57:24',NULL),(23,'w','2012-06-02',23,'2018-12-28 02:13:04',NULL),(24,'m','2012-04-01',24,'1979-12-23 08:21:51',NULL),(25,'w','2000-12-17',25,'2004-04-25 17:12:14',NULL),(26,'w','1979-01-11',26,'1996-03-05 14:24:29',NULL),(27,'m','1985-10-23',27,'2016-11-18 20:29:26',NULL),(28,'m','1984-04-20',28,'1978-01-02 17:37:55',NULL),(29,'m','1986-08-25',29,'1997-04-14 00:54:56',NULL),(30,'w','1975-03-26',30,'1996-06-05 08:33:37',NULL),(31,'w','2003-05-10',31,'1981-01-24 22:18:33',NULL),(32,'w','2014-08-05',32,'1990-05-28 07:27:51',NULL),(33,'m','2021-03-25',33,'2003-02-05 17:54:43',NULL),(34,'m','1985-02-04',34,'1972-04-20 09:28:46',NULL),(35,'w','2014-07-06',35,'2002-06-27 01:26:03',NULL),(36,'m','2008-04-24',36,'1982-05-05 05:46:19',NULL),(37,'w','1996-02-09',37,'2005-05-10 09:15:35',NULL),(38,'w','1985-08-30',38,'1972-05-23 09:05:08',NULL),(39,'w','2017-02-08',39,'2001-05-11 11:33:17',NULL),(40,'m','2011-11-24',40,'2009-09-10 08:26:34',NULL),(41,'m','1976-09-05',41,'1985-04-08 11:32:25',NULL),(42,'m','2010-01-02',42,'1985-09-13 23:30:14',NULL),(43,'m','1974-12-18',43,'2015-03-08 12:38:58',NULL),(44,'m','1970-05-02',44,'1996-10-13 23:23:49',NULL),(45,'w','2002-02-25',45,'1978-04-22 23:11:06',NULL),(46,'w','2009-06-08',46,'2009-04-15 13:42:07',NULL),(47,'w','1983-07-14',47,'2022-07-22 03:02:59',NULL),(48,'w','1984-07-08',48,'2022-01-23 00:22:26',NULL),(49,'w','2019-09-15',49,'2008-05-01 16:53:08',NULL),(50,'w','2018-10-04',50,'1989-12-20 03:37:25',NULL),(51,'m','1989-09-18',51,'2009-06-16 14:49:11',NULL),(52,'w','2016-08-20',52,'1999-01-10 06:43:08',NULL),(53,'w','1999-05-23',53,'1970-05-08 10:51:44',NULL),(54,'m','1978-09-17',54,'1985-07-07 05:40:06',NULL),(55,'m','1976-03-24',55,'1994-12-04 10:23:02',NULL),(56,'m','1992-12-09',56,'2018-08-03 03:40:40',NULL),(57,'m','1997-09-02',57,'1986-02-03 15:12:40',NULL),(58,'w','1998-11-18',58,'2014-10-06 08:41:41',NULL),(59,'m','1982-12-01',59,'1987-12-13 06:58:00',NULL),(60,'w','2008-10-05',60,'2018-07-18 08:52:33',NULL),(61,'m','2008-07-15',61,'2010-01-19 00:08:08',NULL),(62,'w','1982-11-10',62,'2008-07-27 09:03:38',NULL),(63,'w','1984-09-08',63,'1972-01-04 11:59:21',NULL),(64,'w','1982-02-03',64,'1999-05-13 17:14:53',NULL),(65,'w','1997-04-23',65,'2021-06-28 08:15:09',NULL),(66,'w','1983-03-16',66,'1994-12-04 20:13:16',NULL),(67,'w','2020-02-19',67,'2015-12-05 07:22:00',NULL),(68,'w','2016-08-05',68,'2004-01-04 05:19:32',NULL),(69,'m','2022-01-31',69,'1975-10-19 11:17:50',NULL),(70,'w','2010-01-22',70,'1990-07-20 00:10:11',NULL),(71,'w','1973-07-04',71,'1999-05-11 14:04:43',NULL),(72,'w','1986-08-08',72,'2005-10-14 09:32:56',NULL),(73,'w','1970-06-24',73,'1977-11-01 21:41:34',NULL),(74,'w','1971-08-29',74,'2003-03-18 23:03:32',NULL),(75,'w','2015-07-05',75,'2019-02-25 03:23:31',NULL),(76,'w','2020-04-10',76,'1994-07-15 15:53:29',NULL),(77,'w','1992-04-27',77,'1987-07-07 12:12:23',NULL),(78,'w','2005-10-07',78,'2008-08-21 12:12:40',NULL),(79,'w','1980-06-13',79,'2021-06-15 00:13:53',NULL),(80,'m','2003-05-09',80,'2022-03-01 23:06:11',NULL),(81,'w','2017-10-22',81,'1988-11-25 08:17:39',NULL),(82,'m','1993-09-23',82,'1998-08-26 06:54:40',NULL),(83,'w','1982-03-05',83,'1973-06-10 11:32:47',NULL),(84,'m','1981-03-26',84,'2007-11-20 12:51:59',NULL),(85,'w','2014-06-13',85,'1999-03-09 00:53:49',NULL),(86,'m','2018-12-24',86,'2014-03-22 04:27:01',NULL),(87,'w','1993-11-14',87,'2007-07-04 07:47:48',NULL),(88,'m','2000-04-28',88,'1974-02-10 08:36:08',NULL),(89,'w','2005-03-01',89,'2018-10-04 10:11:16',NULL),(90,'w','1982-01-25',90,'1975-08-12 17:37:38',NULL),(91,'m','1980-03-09',91,'1985-06-02 08:11:47',NULL),(92,'m','2003-04-26',92,'1997-04-05 00:10:22',NULL),(93,'w','1973-10-18',93,'1986-06-06 20:39:28',NULL),(94,'m','2021-10-26',94,'2001-02-23 08:19:30',NULL),(95,'m','1974-01-23',95,'2012-10-06 22:46:17',NULL),(96,'m','2001-09-23',96,'2010-12-04 09:16:46',NULL),(97,'w','2014-01-01',97,'2013-09-05 09:26:18',NULL),(98,'w','1993-10-14',98,'1984-12-15 02:53:50',NULL),(99,'m','1988-05-03',99,'1987-03-08 17:24:21',NULL),(100,'w','1986-09-16',100,'1989-11-26 09:55:10',NULL);
/*!40000 ALTER TABLE `profiles` ENABLE KEYS */;
UNLOCK TABLES;

--
-- Table structure for table `users`
--

DROP TABLE IF EXISTS `users`;
/*!40101 SET @saved_cs_client     = @@character_set_client */;
/*!40101 SET character_set_client = utf8 */;
CREATE TABLE `users` (
  `id` bigint(20) unsigned NOT NULL AUTO_INCREMENT,
  `firstname` varchar(100) COLLATE utf8mb4_unicode_ci DEFAULT NULL,
  `lastname` varchar(100) COLLATE utf8mb4_unicode_ci DEFAULT NULL COMMENT '',
  `email` varchar(100) COLLATE utf8mb4_unicode_ci DEFAULT NULL,
  `password_hash` varchar(100) COLLATE utf8mb4_unicode_ci DEFAULT NULL,
  `phone` bigint(20) DEFAULT NULL,
  `is_deleted` bit(1) DEFAULT b'0',
  PRIMARY KEY (`id`),
  UNIQUE KEY `email` (`email`),
  KEY `users_firstname_lastname_idx` (`firstname`,`lastname`)
) ENGINE=InnoDB AUTO_INCREMENT=101 DEFAULT CHARSET=utf8mb4 COLLATE=utf8mb4_unicode_ci;
/*!40101 SET character_set_client = @saved_cs_client */;

--
-- Dumping data for table `users`
--

LOCK TABLES `users` WRITE;
/*!40000 ALTER TABLE `users` DISABLE KEYS */;
INSERT INTO `users` VALUES (1,'Reagan','Gerhold','tillman.arvid@example.com','93fd0f6a3a0581a003e241c3f500d1260e16ee7a',9268765315,''),(2,'Ignacio','Durgan','alanis08@example.org','3e462019de1d4344206cb653676a1e32bc914f67',9922515075,'\0'),(3,'Adriana','Beatty','pfannerstill.jordyn@example.net','9ed47ec822c84812696f18ae170e4b1c94d98336',9448705380,''),(4,'Rudy','Klein','johan.lockman@example.com','a0b17f0f82882a1851c5fb12ab2de0e0b1051a14',9736740891,'\0'),(5,'Jaeden','Monahan','abigail80@example.org','fdaada8d7fe30b3162f7b171de34d4d6599f68c0',9542969300,'\0'),(6,'Tania','Koelpin','lynch.wilford@example.com','6c7ca95fe99fd375415bc276384bb7e14461d9c0',9038519987,''),(7,'Monserrate','Aufderhar','franecki.royal@example.net','ee473749e24d57be86a5fc4d7e8e820334a37e4c',9610548386,'\0'),(8,'Lester','Nader','percival.aufderhar@example.com','9d2963b3ab12de954647fa19c41b8dfc5f914783',9532977101,''),(9,'Bryana','Mann','mathias44@example.net','a9ae92676d7ec2e51a638002037353471c504299',9678617080,''),(10,'Easton','Jakubowski','stacy35@example.org','0f5f67bba3168e723b40b295d69a864f6cfe4332',9326779477,''),(11,'Tatyana','Rippin','sabina42@example.net','d042dfb15ea24d46ea8c1978e8f57c54e813af0f',9918702553,''),(12,'Mariano','Beahan','reilly.julian@example.org','9499e41b6ee9c3a435e618b21655678ecc6e70af',9367710848,'\0'),(13,'Rozella','Schulist','wpredovic@example.com','b30dbcf8f745dfcfd3d5e2f24d4e0166f1c97c04',9982878017,''),(14,'Jeremy','Schaden','oschaden@example.org','691a6ff71ca8009b3d89084402768158df2b4fe7',9182857164,'\0'),(15,'Kiara','Schultz','boyle.zoe@example.net','09fd6107c9d858b304ef8b91ce4ca4f46644e268',9879723236,''),(16,'Adaline','Gottlieb','modesto.reichert@example.com','8da903a28ffa5206ebea053516346d26679d3d19',9904916708,'\0'),(17,'Oswald','Gibson','stracke.tony@example.org','ae0cf8412767030afed16992fbfd47827c6499fe',9745847425,'\0'),(18,'Reid','Windler','mossie.hamill@example.org','422fcdd2b67a0e3f649b29a8ea3a9be3fb6f5317',9032199614,''),(19,'Doug','Berge','earnestine07@example.net','60a40de6e8247fe6e2b8b34d31f0ad87c048c656',9735548520,''),(20,'Everardo','Dickinson','astrid17@example.net','9184bcab67621968efb64a455f7f9a5b9476c532',9722617721,'\0'),(21,'Moises','Kuvalis','hkuhn@example.com','6b36377a87e2725abfaf111d70ed8be9c03fb1e7',9955555494,'\0'),(22,'Tate','Emard','garett.will@example.net','683822a23a07e622b187713ed6540b65fa2cae0f',9864033437,''),(23,'Lexus','Gaylord','xbotsford@example.net','c2c674c69e2f8cd458d49061af44d8217f06ba14',9069211210,''),(24,'Nels','Hirthe','dashawn.runolfsdottir@example.com','b94756f72966b916046a38f5c77bb5c9e49fe0e1',9883593780,'\0'),(25,'Ashly','Marquardt','mkertzmann@example.com','81b5b46312ba8f157f125561781ef8edec73a396',9378816979,'\0'),(26,'Ludie','Parker','maegan51@example.com','9069ed09de17170971a05efbc01f9a722af21e92',9631852622,'\0'),(27,'Zoey','Anderson','pagac.mina@example.net','7308cd0592b981ff37b35e2ca81632dc4d58cf03',9842007839,''),(28,'Joana','Rodriguez','alec.mitchell@example.org','3a624f76e47e9c2f7a00bd037f99fba2962df34f',9411339273,'\0'),(29,'Derick','Schuster','bernhard.dahlia@example.com','f762942448536139c5433a3e1dc9ad106b1bd92d',9466926387,''),(30,'Ramona','Howell','angela21@example.net','33db64f5592cedc647c15f15bf5a9aae5bfd0636',9151767302,'\0'),(31,'Giovanna','Heathcote','schowalter.eva@example.net','764849fc6f9f2ca7808fb6b5860d9e3f2614a1c1',9573697901,''),(32,'Madaline','Adams','delta.luettgen@example.org','25fe26299d4f4a918f22614ba669b76db9de827d',9776413294,'\0'),(33,'Verner','Olson','vjohnson@example.org','99949c6cbb4a67583ef912bfe9f869a3d82681dd',9889546130,''),(34,'Celestine','Conroy','william.ankunding@example.org','5a84d936aee3eb1ad1a09b4b1b4ddbde83b4c2a7',9181230293,'\0'),(35,'Helmer','Mohr','vernon84@example.net','e4e2bebb8a756afd0a3c1ccde3f28c676ac29c6c',9945242812,'\0'),(36,'Ernesto','Kihn','acorwin@example.org','03bcaa958cb7893b6da3ea4e3ba2716131e077d7',9980056414,'\0'),(37,'Brenda','Becker','marcelle90@example.net','defe256301cf6784a4b12f6f87e297adcffa8c5c',9620469312,'\0'),(38,'Hardy','Bergnaum','ehammes@example.org','2ed18829d5f27cd29d183ebb313ff1cf4a44b1a6',9086446594,'\0'),(39,'Adam','Greenfelder','marilou64@example.net','772e5868af26524d1e495e430b27101e1e365bbf',9620221232,'\0'),(40,'Francisca','Wolf','bailey.marcelino@example.net','11bbe2e5ac11158507a8781de284276509c11f24',9385626977,''),(41,'Laverna','Zboncak','enos.hackett@example.org','effd89be8c6623041741c5a7b4e38915301a5d31',9098359218,'\0'),(42,'Chesley','Pagac','swilkinson@example.net','39d09a3d0b3fb863be1707a4c9c577217025614c',9070499625,''),(43,'Citlalli','Cassin','stephany.harris@example.org','016a9c5522fef9d68ec0b1f270513ddfd5a6ab3c',9136615222,'\0'),(44,'Jettie','Halvorson','zaria56@example.net','865016fa87a820a81c50d923ff6d4eb3f6ca82c5',9794594346,''),(45,'Theodora','Price','taurean.simonis@example.org','914b5aa163c79e00fc0f76bfc3bded0f03c807ed',9562283889,'\0'),(46,'Beaulah','Weimann','bailee17@example.org','b4a536efb3023b7e6a006435dcaa153f1c904357',9253889909,'\0'),(47,'Michale','Farrell','verda99@example.com','5087a77ce82dc0f9cd09f9d350b105489fe50fed',9717028834,'\0'),(48,'Merlin','Cassin','alene.nader@example.org','74ca55cbcc68482decf4a2d4d93ef8bd29daf85f',9493667125,'\0'),(49,'Jose','Emmerich','ardith81@example.com','37a03cb524f5d5ce9ed325c900db5a6e87e352ca',9013696094,''),(50,'Roberta','Osinski','schmeler.haskell@example.net','02bda6b8e8292290a0f64f6953d40b8bd5d0ef33',9314740885,''),(51,'Schuyler','Waters','adrienne69@example.net','c073609b925a54c3f8130067bfc784737f4fcc79',9855873611,'\0'),(52,'Kira','Goyette','hazel.klein@example.org','d622f941c3cd5bce13999021e1931ded40fcc699',9808853064,''),(53,'Gonzalo','Nicolas','yanderson@example.com','6c97a33c861eccca728a63ad905fa1ed1ccee869',9936984221,''),(54,'Helmer','Davis','garret06@example.net','07aa3634aee206ee72ceaab0b03475b2fe574f78',9125809408,'\0'),(55,'Hellen','McKenzie','kilback.rodolfo@example.net','9f679f478ee3f85d914a3ba3ca1b3053bd9ce6c5',9772506864,'\0'),(56,'Gonzalo','Jacobs','johann.bergnaum@example.org','eb78b73bc0b83d736debdcb9dab602629e6f5996',9475474200,'\0'),(57,'Frederick','Gaylord','monique81@example.com','3761600b7f525fdc70991678e89ece3d2bb1efe1',9315602928,''),(58,'Hillary','Feest','heaney.jasmin@example.net','44c74f988e59e1e32fc8d0c36e2e139dc6f175f4',9353307742,'\0'),(59,'Lizeth','Jaskolski','franecki.jazmyn@example.com','8ea5a3226b0a3be43cf7d19570b37441b16f3e31',9300905061,'\0'),(60,'Jayde','Osinski','konopelski.theodora@example.net','e27d776532dba7500bfb7a34ab403b178b838485',9886687293,''),(61,'Beatrice','Kohler','anita00@example.com','5e205614eed0dfa835a7afe76ef227d7e3d064aa',9715558983,'\0'),(62,'Mohammad','Gaylord','laila18@example.org','2ee434cc91bc1dd90f0070af4a24d43a73916d6e',9808295085,'\0'),(63,'Kory','D\'Amore','raul.gorczany@example.com','a50b4ae64bf8467bae824a2723088448479c34dc',9133133631,'\0'),(64,'Marielle','Frami','houston85@example.net','638c8233531fd6a8f377c6632d2e76594bd9f008',9012473563,''),(65,'Russell','Gottlieb','veda74@example.net','f924bf00df17b240fad90491c506abbece0b1650',9736887588,'\0'),(66,'Helene','Hilll','pauline.corkery@example.org','a86c7fa35be3c94a6d4604f4fee2b61790ccdbed',9270030132,'\0'),(67,'Barbara','Berge','mueller.emily@example.net','90cbe7d6a56345b3ea529c621ce5c4d65d039027',9772254052,''),(68,'Rod','Klein','cmccullough@example.org','9862d70c09f56b4b58f9b4912a7efd23f28f42de',9360959035,'\0'),(69,'Geo','Konopelski','kyra88@example.net','84461734109a15b6f69ff96e23ee914f403e4465',9915708486,'\0'),(70,'Sammy','Morissette','drew64@example.org','86a57b8de5282f250ab472bb21446b097889a792',9768482460,''),(71,'Carolyne','Flatley','meda.murphy@example.com','3b750915913a3174aecb80ae2bcb6cc9bb3f57b6',9707402751,''),(72,'Ursula','Reynolds','mohr.elaina@example.org','1bd02f4867bf4bd5b2f4b4c016e6572e0a2c7990',9723578736,'\0'),(73,'Elton','Skiles','winifred.sanford@example.com','ca2a84e125f257f0d586b414a546e44be45c5350',9468864861,''),(74,'Malinda','Stanton','casper.damian@example.net','fc224e7ee03d3d52fe25d6c899959bdac2752b08',9987224779,''),(75,'Asha','Block','beer.audrey@example.com','d5c29401104cc584c0c76a0c22a18709a0abe9e9',9163979774,''),(76,'Maynard','Kemmer','aritchie@example.com','b5d64119c6eb2b49648094c030e716fefa78f873',9685522104,'\0'),(77,'Bonnie','Altenwerth','crist.kolby@example.net','b8e30d865fae158e67f3894ae4cb5ecadbe2d265',9102786586,'\0'),(78,'Wallace','Jenkins','leopoldo.ruecker@example.net','39eb8672bf54cdd69968ac80bc1df42f6eeac559',9650633318,''),(79,'Alene','Skiles','ford92@example.net','35b0aa0b2051a51e9ef77356555874e87027b7d0',9963832949,'\0'),(80,'Mable','Casper','lysanne75@example.org','acaec045f89826f3eada99eeba83622acb1be562',9174374657,'\0'),(81,'Jadyn','Wuckert','dedrick.rosenbaum@example.com','37557e4bcf897679ed834fa0874e8c4c01c019eb',9962973766,''),(82,'Maximillia','Moen','creola93@example.org','85e4cc6553e3395a80d968d90412f3955dc9a368',9034626950,'\0'),(83,'Delilah','Stracke','rowan.kshlerin@example.net','4a9bccf2435a9ea0e5fd713b5f880d141fab8680',9929526492,''),(84,'Christian','Kerluke','klein.ari@example.org','6845f9db653e268f3dab49d69d4284abe23a15af',9283818863,'\0'),(85,'Gene','Osinski','columbus28@example.com','4e7b0bed7ecd7f4ed740fffcaf16cb09c48d8b76',9821262427,'\0'),(86,'Erika','Towne','audreanne.yost@example.com','f56ffc78b107ea65c032b048b08f26796bafd224',9294541305,'\0'),(87,'Ayden','Schoen','louisa79@example.net','61e19bd5d9de52d093cf512f356ae62edd58ea54',9847142325,'\0'),(88,'Walter','Braun','renner.katelynn@example.com','20bd115c1a1bdb00a90233b62920ef1cb751ab56',9721910284,'\0'),(89,'Gage','Gusikowski','tleannon@example.net','5212cebf1cb44cc0ee6f6325eddc89c151529faf',9588262054,'\0'),(90,'Sigmund','Ortiz','carter.raegan@example.com','ab7164264854494ca5ff514f2472fd0f7519f471',9084257024,'\0'),(91,'Naomie','Lockman','nettie95@example.org','cc3886c548954fd4e80c223574e3a58bf75e4def',9007874303,'\0'),(92,'Alverta','Borer','tkling@example.com','d99e35d1bdc6c460aabf3b53cdbbbb7e2e4203cc',9315526927,'\0'),(93,'Devonte','Willms','jany.dach@example.com','c4d7ce46f95ec9daaeffb82eb4a9f9154225aebf',9684644012,'\0'),(94,'Deondre','Carter','otha.dicki@example.com','f4585820096e3a91b55aff732877b16dcdcb4388',9439703644,'\0'),(95,'Berniece','Walsh','ashley.rowe@example.com','9283461cd3de77d8217c107719c4d6cecd7ec761',9471472810,'\0'),(96,'Tressie','Koepp','dschmeler@example.com','0fac60570b696b08bd6c71580d5281ce32668274',9060418970,''),(97,'Linda','Koelpin','myrna.mueller@example.com','44abb67144a1cff75db68cbb4f41333e9cd678ec',9741667501,''),(98,'Vince','Morissette','carlo.towne@example.net','48602bc4229058aa4052c7eacdda38a694fa9f18',9008495380,''),(99,'Avis','Gerlach','vernice90@example.net','1b6759c16c4d05df4345ccfe5e1c2afe45ce41ff',9218312943,'\0'),(100,'Santino','O\'Kon','hodkiewicz.buck@example.com','e2c1ecd8a95c105386d3996f89acd6c3858b2755',9864696365,'\0');
/*!40000 ALTER TABLE `users` ENABLE KEYS */;
UNLOCK TABLES;

--
-- Table structure for table `users_communities`
--

DROP TABLE IF EXISTS `users_communities`;
/*!40101 SET @saved_cs_client     = @@character_set_client */;
/*!40101 SET character_set_client = utf8 */;
CREATE TABLE `users_communities` (
  `user_id` bigint(20) unsigned NOT NULL,
  `community_id` bigint(20) unsigned NOT NULL,
  PRIMARY KEY (`user_id`,`community_id`),
  KEY `community_id` (`community_id`),
  CONSTRAINT `users_communities_ibfk_1` FOREIGN KEY (`user_id`) REFERENCES `users` (`id`) ON DELETE CASCADE ON UPDATE CASCADE,
  CONSTRAINT `users_communities_ibfk_2` FOREIGN KEY (`community_id`) REFERENCES `communities` (`id`) ON DELETE CASCADE ON UPDATE CASCADE
) ENGINE=InnoDB DEFAULT CHARSET=utf8mb4 COLLATE=utf8mb4_unicode_ci;
/*!40101 SET character_set_client = @saved_cs_client */;

--
-- Dumping data for table `users_communities`
--

LOCK TABLES `users_communities` WRITE;
/*!40000 ALTER TABLE `users_communities` DISABLE KEYS */;
INSERT INTO `users_communities` VALUES (2,87),(3,11),(3,26),(3,54),(4,25),(5,49),(5,83),(6,12),(6,79),(7,34),(8,68),(9,79),(10,13),(11,10),(12,76),(13,19),(16,76),(19,39),(20,14),(20,19),(20,59),(21,56),(21,90),(21,93),(22,23),(22,57),(26,11),(26,66),(27,15),(29,36),(29,45),(32,5),(32,33),(32,41),(34,92),(35,3),(35,59),(36,2),(36,5),(37,44),(37,67),(38,47),(41,58),(42,40),(47,71),(48,14),(49,30),(49,36),(49,40),(51,57),(51,60),(54,12),(54,53),(54,57),(57,3),(57,36),(57,54),(57,87),(58,10),(60,1),(61,18),(61,32),(61,80),(63,17),(65,2),(65,4),(66,18),(66,41),(66,82),(69,22),(70,53),(74,77),(76,10),(76,21),(78,83),(78,89),(79,50),(80,72),(81,86),(82,18),(82,27),(83,8),(83,40),(84,2),(86,51),(86,55),(87,91),(88,25),(90,48),(90,80),(91,54),(91,90),(92,6),(92,55),(93,42),(93,49),(97,23),(97,77),(97,83),(100,25);
/*!40000 ALTER TABLE `users_communities` ENABLE KEYS */;
UNLOCK TABLES;
/*!40103 SET TIME_ZONE=@OLD_TIME_ZONE */;

DROP TABLE IF EXISTS `friends`;
CREATE TABLE `friends` (
	id SERIAL PRIMARY KEY,
	`user_id` BIGINT unsigned NOT NULL,
	`friends_id` BIGINT unsigned NOT NULL,
	`status` VARCHAR(20),
	
	FOREIGN KEY (user_id) REFERENCES users(id) ON UPDATE CASCADE ON DELETE cascade,
    FOREIGN KEY (friends_id) REFERENCES users(id) ON UPDATE CASCADE ON DELETE CASCADE
	
);

insert into 
  friends(user_id, friends_id, status)
select
  initiator_user_id, target_user_id, status
from friend_requests
where status='approved';

/*!40101 SET SQL_MODE=@OLD_SQL_MODE */;
/*!40014 SET FOREIGN_KEY_CHECKS=@OLD_FOREIGN_KEY_CHECKS */;
/*!40014 SET UNIQUE_CHECKS=@OLD_UNIQUE_CHECKS */;
/*!40101 SET CHARACTER_SET_CLIENT=@OLD_CHARACTER_SET_CLIENT */;
/*!40101 SET CHARACTER_SET_RESULTS=@OLD_CHARACTER_SET_RESULTS */;
/*!40101 SET COLLATION_CONNECTION=@OLD_COLLATION_CONNECTION */;
/*!40111 SET SQL_NOTES=@OLD_SQL_NOTES */;

-- Dump completed on 2022-10-17 12:41:46

